,year,state,state_abbr,commodity,AREA HARVESTED grain,AREA HARVESTED silage,AREA PLANTED,PRODUCTION grain,PRODUCTION silage,YIELD grain,YIELD silage
0,2021,ALABAMA,AL,CORN,320000.0,5000.0,330000.0,52160000.0,90000.0,163.0,18.0
1,2021,ARIZONA,AZ,CORN,18000.0,76000.0,95000.0,3258000.0,2128000.0,181.0,28.0
2,2021,ARKANSAS,AR,CORN,830000.0,5000.0,850000.0,152720000.0,100000.0,184.0,20.0
3,2021,CALIFORNIA,CA,CORN,50000.0,345000.0,400000.0,9400000.0,9660000.0,188.0,28.0
4,2021,COLORADO,CO,CORN,1140000.0,180000.0,1370000.0,147060000.0,4410000.0,129.0,24.5
5,2021,CONNECTICUT,CT,CORN,,22000.0,24000.0,,374000.0,,17.0
6,2021,DELAWARE,DE,CORN,167000.0,3000.0,170000.0,30728000.0,63000.0,184.0,21.0
7,2021,FLORIDA,FL,CORN,66000.0,25000.0,95000.0,11616000.0,600000.0,176.0,24.0
8,2021,GEORGIA,GA,CORN,435000.0,25000.0,470000.0,79170000.0,550000.0,182.0,22.0
9,2021,IDAHO,ID,CORN,115000.0,260000.0,380000.0,24150000.0,7540000.0,210.0,29.0
10,2021,ILLINOIS,IL,CORN,10850000.0,80000.0,11000000.0,2191700000.0,1600000.0,202.0,20.0
11,2021,INDIANA,IN,CORN,5270000.0,110000.0,5400000.0,1027650000.0,2420000.0,195.0,22.0
12,2021,IOWA,IA,CORN,12450000.0,340000.0,12900000.0,2539800000.0,7140000.0,204.0,21.0
13,2021,KANSAS,KS,CORN,5400000.0,240000.0,5700000.0,750600000.0,4320000.0,139.0,18.0
14,2021,KENTUCKY,KY,CORN,1420000.0,90000.0,1530000.0,272640000.0,1710000.0,192.0,19.0
15,2021,LOUISIANA,LA,CORN,565000.0,3000.0,580000.0,103395000.0,48000.0,183.0,16.0
16,2021,MAINE,ME,CORN,,25000.0,30000.0,,525000.0,,21.0
17,2021,MARYLAND,MD,CORN,415000.0,35000.0,460000.0,72625000.0,700000.0,175.0,20.0
18,2021,MASSACHUSETTS,MA,CORN,,11000.0,14000.0,,187000.0,,17.0
19,2021,MICHIGAN,MI,CORN,1990000.0,340000.0,2350000.0,346260000.0,6970000.0,174.0,20.5
20,2021,MINNESOTA,MN,CORN,7790000.0,450000.0,8350000.0,1378830000.0,8550000.0,177.0,19.0
21,2021,MISSISSIPPI,MS,CORN,700000.0,8000.0,730000.0,126700000.0,136000.0,181.0,17.0
22,2021,MISSOURI,MO,CORN,3430000.0,70000.0,3600000.0,545370000.0,1050000.0,159.0,15.0
23,2021,MONTANA,MT,CORN,60000.0,47000.0,120000.0,6000000.0,846000.0,100.0,18.0
24,2021,NEBRASKA,NE,CORN,9560000.0,260000.0,9900000.0,1854640000.0,5070000.0,194.0,19.5
25,2021,NEVADA,NV,CORN,,13000.0,13000.0,,338000.0,,26.0
26,2021,NEW HAMPSHIRE,NH,CORN,,11000.0,13000.0,,231000.0,,21.0
27,2021,NEW JERSEY,NJ,CORN,69000.0,5000.0,75000.0,11247000.0,100000.0,163.0,20.0
28,2021,NEW MEXICO,NM,CORN,39000.0,80000.0,120000.0,7176000.0,2080000.0,184.0,26.0
29,2021,NEW YORK,NY,CORN,575000.0,440000.0,1030000.0,96025000.0,8360000.0,167.0,19.0
30,2021,NORTH CAROLINA,NC,CORN,905000.0,35000.0,960000.0,134845000.0,630000.0,149.0,18.0
31,2021,NORTH DAKOTA,ND,CORN,3630000.0,250000.0,4100000.0,381150000.0,1875000.0,105.0,7.5
32,2021,OHIO,OH,CORN,3340000.0,160000.0,3550000.0,644620000.0,3200000.0,193.0,20.0
33,2021,OKLAHOMA,OK,CORN,295000.0,25000.0,340000.0,44250000.0,300000.0,150.0,12.0
34,2021,OREGON,OR,CORN,55000.0,39000.0,95000.0,13200000.0,897000.0,240.0,23.0
35,2021,OTHER STATES,OT,CORN,0.0,0.0,0.0,0.0,0.0,0.0,0.0
36,2021,PENNSYLVANIA,PA,CORN,850000.0,310000.0,1180000.0,143650000.0,6510000.0,169.0,21.0
37,2021,RHODE ISLAND,RI,CORN,,2000.0,2000.0,,42000.0,,21.0
38,2021,SOUTH CAROLINA,SC,CORN,370000.0,12000.0,390000.0,51430000.0,228000.0,139.0,19.0
39,2021,SOUTH DAKOTA,SD,CORN,5480000.0,500000.0,6150000.0,734320000.0,6000000.0,134.0,12.0
40,2021,TENNESSEE,TN,CORN,930000.0,35000.0,990000.0,158100000.0,665000.0,170.0,19.0
41,2021,TEXAS,TX,CORN,1850000.0,250000.0,2150000.0,236800000.0,5250000.0,128.0,21.0
42,2021,UTAH,UT,CORN,17000.0,45000.0,65000.0,3043000.0,1080000.0,179.0,24.0
43,2021,VERMONT,VT,CORN,,77000.0,85000.0,,1463000.0,,19.0
44,2021,VIRGINIA,VA,CORN,345000.0,125000.0,490000.0,55200000.0,2125000.0,160.0,17.0
45,2021,WASHINGTON,WA,CORN,85000.0,80000.0,165000.0,21080000.0,2000000.0,248.0,25.0
46,2021,WEST VIRGINIA,WV,CORN,33000.0,10000.0,45000.0,4752000.0,180000.0,144.0,18.0
47,2021,WISCONSIN,WI,CORN,3000000.0,880000.0,3950000.0,540000000.0,18920000.0,180.0,21.5
48,2021,WYOMING,WY,CORN,79000.0,12000.0,95000.0,10428000.0,276000.0,132.0,23.0
49,2022,ALABAMA,AL,CORN,290000.0,4000.0,300000.0,34220000.0,60000.0,118.0,15.0
50,2022,ARIZONA,AZ,CORN,45000.0,44000.0,90000.0,9900000.0,1232000.0,220.0,28.0
51,2022,ARKANSAS,AR,CORN,695000.0,5000.0,710000.0,120235000.0,80000.0,173.0,16.0
52,2022,CALIFORNIA,CA,CORN,20000.0,335000.0,360000.0,3540000.0,8710000.0,177.0,26.0
53,2022,COLORADO,CO,CORN,970000.0,190000.0,1340000.0,117370000.0,3705000.0,121.0,19.5
54,2022,CONNECTICUT,CT,CORN,,23000.0,24000.0,,460000.0,,20.0
55,2022,DELAWARE,DE,CORN,156000.0,3000.0,160000.0,26520000.0,57000.0,170.0,19.0
56,2022,FLORIDA,FL,CORN,56000.0,25000.0,85000.0,9184000.0,425000.0,164.0,17.0
57,2022,GEORGIA,GA,CORN,375000.0,30000.0,415000.0,65625000.0,660000.0,175.0,22.0
58,2022,IDAHO,ID,CORN,105000.0,205000.0,310000.0,22680000.0,5945000.0,216.0,29.0
59,2022,ILLINOIS,IL,CORN,10600000.0,120000.0,10800000.0,2268400000.0,2760000.0,214.0,23.0
60,2022,INDIANA,IN,CORN,5130000.0,100000.0,5250000.0,974700000.0,2200000.0,190.0,22.0
61,2022,IOWA,IA,CORN,12350000.0,390000.0,12900000.0,2470000000.0,8190000.0,200.0,21.0
62,2022,KANSAS,KS,CORN,4440000.0,420000.0,5500000.0,510600000.0,4620000.0,115.0,11.0
63,2022,KENTUCKY,KY,CORN,1330000.0,70000.0,1420000.0,207480000.0,1260000.0,156.0,18.0
64,2022,LOUISIANA,LA,CORN,435000.0,3000.0,450000.0,73950000.0,45000.0,170.0,15.0
65,2022,MAINE,ME,CORN,,24000.0,29000.0,,408000.0,,17.0
66,2022,MARYLAND,MD,CORN,360000.0,40000.0,420000.0,59400000.0,760000.0,165.0,19.0
67,2022,MASSACHUSETTS,MA,CORN,,11000.0,14000.0,,165000.0,,15.0
68,2022,MICHIGAN,MI,CORN,1940000.0,330000.0,2300000.0,325920000.0,6600000.0,168.0,20.0
69,2022,MINNESOTA,MN,CORN,7490000.0,450000.0,8000000.0,1460550000.0,9675000.0,195.0,21.5
70,2022,MISSISSIPPI,MS,CORN,565000.0,5000.0,580000.0,93225000.0,75000.0,165.0,15.0
71,2022,MISSOURI,MO,CORN,3110000.0,150000.0,3350000.0,500710000.0,1650000.0,161.0,11.0
72,2022,MONTANA,MT,CORN,69000.0,54000.0,130000.0,7728000.0,1134000.0,112.0,21.0
73,2022,NEBRASKA,NE,CORN,8820000.0,430000.0,9600000.0,1455300000.0,5375000.0,165.0,12.5
74,2022,NEVADA,NV,CORN,,11000.0,12000.0,,242000.0,,22.0
75,2022,NEW HAMPSHIRE,NH,CORN,,11000.0,13000.0,,209000.0,,19.0
76,2022,NEW JERSEY,NJ,CORN,58000.0,6000.0,68000.0,6612000.0,96000.0,114.0,16.0
77,2022,NEW MEXICO,NM,CORN,36000.0,55000.0,100000.0,5364000.0,1320000.0,149.0,24.0
78,2022,NEW YORK,NY,CORN,565000.0,425000.0,1010000.0,80230000.0,7225000.0,142.0,17.0
79,2022,NORTH CAROLINA,NC,CORN,775000.0,30000.0,820000.0,97650000.0,420000.0,126.0,14.0
80,2022,NORTH DAKOTA,ND,CORN,2650000.0,230000.0,2950000.0,344500000.0,3450000.0,130.0,15.0
81,2022,OHIO,OH,CORN,3180000.0,170000.0,3400000.0,594660000.0,3740000.0,187.0,22.0
82,2022,OKLAHOMA,OK,CORN,200000.0,35000.0,350000.0,24400000.0,385000.0,122.0,11.0
83,2022,OREGON,OR,CORN,45000.0,34000.0,80000.0,10665000.0,952000.0,237.0,28.0
84,2022,OTHER STATES,OT,CORN,0.0,,0.0,0.0,,0.0,
85,2022,PENNSYLVANIA,PA,CORN,645000.0,340000.0,1020000.0,90300000.0,6120000.0,140.0,18.0
86,2022,RHODE ISLAND,RI,CORN,,1000.0,2000.0,,16000.0,,16.0
87,2022,SOUTH CAROLINA,SC,CORN,300000.0,8000.0,320000.0,36600000.0,112000.0,122.0,14.0
88,2022,SOUTH DAKOTA,SD,CORN,5010000.0,550000.0,5750000.0,661320000.0,6600000.0,132.0,12.0
89,2022,TENNESSEE,TN,CORN,785000.0,30000.0,830000.0,102050000.0,480000.0,130.0,16.0
90,2022,TEXAS,TX,CORN,1610000.0,260000.0,2150000.0,152950000.0,3900000.0,95.0,15.0
91,2022,UTAH,UT,CORN,14000.0,45000.0,60000.0,2310000.0,1080000.0,165.0,24.0
92,2022,VERMONT,VT,CORN,,82000.0,90000.0,,1558000.0,,19.0
93,2022,VIRGINIA,VA,CORN,325000.0,100000.0,430000.0,54275000.0,2200000.0,167.0,22.0
94,2022,WASHINGTON,WA,CORN,80000.0,55000.0,135000.0,17600000.0,1375000.0,220.0,25.0
95,2022,WEST VIRGINIA,WV,CORN,30000.0,9000.0,40000.0,5040000.0,189000.0,168.0,21.0
96,2022,WISCONSIN,WI,CORN,2990000.0,870000.0,3900000.0,538200000.0,19575000.0,180.0,22.5
97,2022,WYOMING,WY,CORN,56000.0,33000.0,95000.0,8568000.0,792000.0,153.0,24.0
98,2023,ALABAMA,AL,CORN,320000.0,4000.0,330000.0,52480000.0,64000.0,164.0,16.0
99,2023,ARIZONA,AZ,CORN,38000.0,66000.0,105000.0,7828000.0,1782000.0,206.0,27.0
100,2023,ARKANSAS,AR,CORN,830000.0,5000.0,850000.0,151890000.0,80000.0,183.0,16.0
101,2023,CALIFORNIA,CA,CORN,40000.0,350000.0,400000.0,7120000.0,9100000.0,178.0,26.0
102,2023,COLORADO,CO,CORN,1015000.0,235000.0,1330000.0,123830000.0,5758000.0,122.0,24.5
103,2023,CONNECTICUT,CT,CORN,,20000.0,24000.0,,340000.0,,17.0
104,2023,DELAWARE,DE,CORN,172000.0,2000.0,175000.0,32508000.0,50000.0,189.0,25.0
105,2023,FLORIDA,FL,CORN,62000.0,25000.0,90000.0,9796000.0,475000.0,158.0,19.0
106,2023,GEORGIA,GA,CORN,440000.0,35000.0,485000.0,76560000.0,805000.0,174.0,23.0
107,2023,IDAHO,ID,CORN,115000.0,240000.0,360000.0,23345000.0,6720000.0,203.0,28.0
108,2023,ILLINOIS,IL,CORN,11050000.0,90000.0,11200000.0,2276300000.0,1800000.0,206.0,20.0
109,2023,INDIANA,IN,CORN,5310000.0,120000.0,5450000.0,1077930000.0,2640000.0,203.0,22.0
110,2023,IOWA,IA,CORN,12550000.0,380000.0,13100000.0,2522550000.0,7600000.0,201.0,20.0
111,2023,KANSAS,KS,CORN,5150000.0,330000.0,5750000.0,612850000.0,4950000.0,119.0,15.0
112,2023,KENTUCKY,KY,CORN,1500000.0,80000.0,1600000.0,280500000.0,1760000.0,187.0,22.0
113,2023,LOUISIANA,LA,CORN,680000.0,3000.0,700000.0,119000000.0,45000.0,175.0,15.0
114,2023,MAINE,ME,CORN,,23000.0,28000.0,,345000.0,,15.0
115,2023,MARYLAND,MD,CORN,440000.0,30000.0,480000.0,72600000.0,510000.0,165.0,17.0
116,2023,MASSACHUSETTS,MA,CORN,,11000.0,14000.0,,176000.0,,16.0
117,2023,MICHIGAN,MI,CORN,2060000.0,320000.0,2400000.0,346080000.0,6400000.0,168.0,20.0
118,2023,MINNESOTA,MN,CORN,8180000.0,350000.0,8600000.0,1513300000.0,6475000.0,185.0,18.5
119,2023,MISSISSIPPI,MS,CORN,770000.0,6000.0,790000.0,139370000.0,90000.0,181.0,15.0
120,2023,MISSOURI,MO,CORN,3670000.0,100000.0,3850000.0,561510000.0,1400000.0,153.0,14.0
121,2023,MONTANA,MT,CORN,68000.0,62000.0,135000.0,8772000.0,1426000.0,129.0,23.0
122,2023,NEBRASKA,NE,CORN,9500000.0,280000.0,9950000.0,1729000000.0,4760000.0,182.0,17.0
123,2023,NEVADA,NV,CORN,,11000.0,13000.0,,231000.0,,21.0
124,2023,NEW HAMPSHIRE,NH,CORN,,12000.0,13000.0,,216000.0,,18.0
125,2023,NEW JERSEY,NJ,CORN,65000.0,6000.0,74000.0,10920000.0,108000.0,168.0,18.0
126,2023,NEW MEXICO,NM,CORN,47000.0,69000.0,125000.0,7285000.0,1449000.0,155.0,21.0
127,2023,NEW YORK,NY,CORN,600000.0,430000.0,1040000.0,95400000.0,8600000.0,159.0,20.0
128,2023,NORTH CAROLINA,NC,CORN,900000.0,30000.0,950000.0,132300000.0,540000.0,147.0,18.0
129,2023,NORTH DAKOTA,ND,CORN,3800000.0,200000.0,4050000.0,543400000.0,3500000.0,143.0,17.5
130,2023,OHIO,OH,CORN,3400000.0,160000.0,3600000.0,673200000.0,3360000.0,198.0,21.0
131,2023,OKLAHOMA,OK,CORN,340000.0,30000.0,390000.0,50660000.0,420000.0,149.0,14.0
132,2023,OREGON,OR,CORN,55000.0,39000.0,95000.0,11770000.0,1014000.0,214.0,26.0
133,2023,OTHER STATES,OT,CORN,0.0,,0.0,0.0,,0.0,
134,2023,PENNSYLVANIA,PA,CORN,680000.0,345000.0,1040000.0,106760000.0,6900000.0,157.0,20.0
135,2023,RHODE ISLAND,RI,CORN,,1000.0,2000.0,,21000.0,,21.0
136,2023,SOUTH CAROLINA,SC,CORN,350000.0,8000.0,365000.0,52500000.0,152000.0,150.0,19.0
137,2023,SOUTH DAKOTA,SD,CORN,5620000.0,520000.0,6300000.0,854240000.0,8840000.0,152.0,17.0
138,2023,TENNESSEE,TN,CORN,890000.0,30000.0,940000.0,153970000.0,600000.0,173.0,20.0
139,2023,TEXAS,TX,CORN,2100000.0,280000.0,2500000.0,256200000.0,5040000.0,122.0,18.0
140,2023,UTAH,UT,CORN,27000.0,46000.0,75000.0,4995000.0,1150000.0,185.0,25.0
141,2023,VERMONT,VT,CORN,,80000.0,89000.0,,1360000.0,,17.0
142,2023,VIRGINIA,VA,CORN,370000.0,100000.0,495000.0,58090000.0,1700000.0,157.0,17.0
143,2023,WASHINGTON,WA,CORN,75000.0,85000.0,160000.0,18000000.0,2040000.0,240.0,24.0
144,2023,WEST VIRGINIA,WV,CORN,30000.0,9000.0,44000.0,4350000.0,153000.0,145.0,17.0
145,2023,WISCONSIN,WI,CORN,3140000.0,780000.0,4000000.0,552640000.0,16380000.0,176.0,21.0
146,2023,WYOMING,WY,CORN,57000.0,23000.0,85000.0,8721000.0,529000.0,153.0,23.0
147,2024,ALABAMA,AL,CORN,270000.0,4000.0,280000.0,30240000.0,64000.0,112.0,16.0
148,2024,ARIZONA,AZ,CORN,19000.0,50000.0,70000.0,4275000.0,1350000.0,225.0,27.0
149,2024,ARKANSAS,AR,CORN,480000.0,5000.0,500000.0,89760000.0,100000.0,187.0,20.0
150,2024,CALIFORNIA,CA,CORN,55000.0,380000.0,440000.0,10010000.0,9880000.0,182.0,26.0
151,2024,COLORADO,CO,CORN,1180000.0,200000.0,1460000.0,136880000.0,4500000.0,116.0,22.5
152,2024,CONNECTICUT,CT,CORN,,20000.0,24000.0,,400000.0,,20.0
153,2024,DELAWARE,DE,CORN,161000.0,2000.0,165000.0,27531000.0,46000.0,171.0,23.0
154,2024,FLORIDA,FL,CORN,47000.0,34000.0,85000.0,6627000.0,544000.0,141.0,16.0
155,2024,GEORGIA,GA,CORN,305000.0,45000.0,375000.0,49715000.0,945000.0,163.0,21.0
156,2024,IDAHO,ID,CORN,110000.0,265000.0,380000.0,22660000.0,7950000.0,206.0,30.0
157,2024,ILLINOIS,IL,CORN,10650000.0,90000.0,10800000.0,2311050000.0,2160000.0,217.0,24.0
158,2024,INDIANA,IN,CORN,5050000.0,130000.0,5200000.0,999900000.0,2990000.0,198.0,23.0
159,2024,IOWA,IA,CORN,12450000.0,340000.0,12900000.0,2626950000.0,8160000.0,211.0,24.0
160,2024,KANSAS,KS,CORN,5800000.0,310000.0,6300000.0,748200000.0,4960000.0,129.0,16.0
161,2024,KENTUCKY,KY,CORN,1280000.0,70000.0,1370000.0,227840000.0,1330000.0,178.0,19.0
162,2024,LOUISIANA,LA,CORN,440000.0,3000.0,470000.0,81400000.0,54000.0,185.0,18.0
163,2024,MAINE,ME,CORN,,26000.0,30000.0,,494000.0,,19.0
164,2024,MARYLAND,MD,CORN,380000.0,40000.0,440000.0,54340000.0,640000.0,143.0,16.0
165,2024,MASSACHUSETTS,MA,CORN,,11000.0,14000.0,,209000.0,,19.0
166,2024,MICHIGAN,MI,CORN,1950000.0,325000.0,2300000.0,352950000.0,6663000.0,181.0,20.5
167,2024,MINNESOTA,MN,CORN,7730000.0,380000.0,8200000.0,1345020000.0,7980000.0,174.0,21.0
168,2024,MISSISSIPPI,MS,CORN,470000.0,7000.0,490000.0,87420000.0,112000.0,186.0,16.0
169,2024,MISSOURI,MO,CORN,3350000.0,100000.0,3500000.0,613050000.0,1800000.0,183.0,18.0
170,2024,MONTANA,MT,CORN,77000.0,37000.0,130000.0,6545000.0,740000.0,85.0,20.0
171,2024,NEBRASKA,NE,CORN,9590000.0,280000.0,10050000.0,1802920000.0,5880000.0,188.0,21.0
172,2024,NEVADA,NV,CORN,,17000.0,20000.0,,425000.0,,25.0
173,2024,NEW HAMPSHIRE,NH,CORN,,11000.0,12000.0,,231000.0,,21.0
174,2024,NEW JERSEY,NJ,CORN,61000.0,5000.0,72000.0,9577000.0,85000.0,157.0,17.0
175,2024,NEW MEXICO,NM,CORN,49000.0,51000.0,105000.0,7693000.0,1122000.0,157.0,22.0
176,2024,NEW YORK,NY,CORN,555000.0,455000.0,1020000.0,93795000.0,8645000.0,169.0,19.0
177,2024,NORTH CAROLINA,NC,CORN,810000.0,20000.0,890000.0,70470000.0,240000.0,87.0,12.0
178,2024,NORTH DAKOTA,ND,CORN,3640000.0,260000.0,3950000.0,542360000.0,3900000.0,149.0,15.0
179,2024,OHIO,OH,CORN,3200000.0,160000.0,3400000.0,566400000.0,3200000.0,177.0,20.0
180,2024,OKLAHOMA,OK,CORN,410000.0,20000.0,450000.0,40180000.0,240000.0,98.0,12.0
181,2024,OREGON,OR,CORN,63000.0,46000.0,110000.0,13104000.0,1058000.0,208.0,23.0
182,2024,OTHER STATES,OT,CORN,0.0,,767000.0,0.0,,0.0,
183,2024,PENNSYLVANIA,PA,CORN,700000.0,320000.0,1050000.0,96600000.0,5120000.0,138.0,16.0
184,2024,RHODE ISLAND,RI,CORN,,1000.0,2000.0,,18000.0,,18.0
185,2024,SOUTH CAROLINA,SC,CORN,305000.0,7000.0,340000.0,30805000.0,126000.0,101.0,18.0
186,2024,SOUTH DAKOTA,SD,CORN,5390000.0,410000.0,5900000.0,883960000.0,6150000.0,164.0,15.0
187,2024,TENNESSEE,TN,CORN,660000.0,25000.0,700000.0,100320000.0,425000.0,152.0,17.0
188,2024,TEXAS,TX,CORN,1890000.0,160000.0,2200000.0,211680000.0,2880000.0,112.0,18.0
189,2024,UTAH,UT,CORN,27000.0,50000.0,80000.0,4509000.0,1150000.0,167.0,23.0
190,2024,VERMONT,VT,CORN,,85000.0,94000.0,,1615000.0,,19.0
191,2024,VIRGINIA,VA,CORN,290000.0,95000.0,460000.0,33060000.0,1330000.0,114.0,14.0
192,2024,WASHINGTON,WA,CORN,103000.0,101000.0,205000.0,24205000.0,2626000.0,235.0,26.0
193,2024,WEST VIRGINIA,WV,CORN,24000.0,9000.0,41000.0,2640000.0,108000.0,110.0,12.0
194,2024,WISCONSIN,WI,CORN,2960000.0,730000.0,3750000.0,515040000.0,14600000.0,174.0,20.0
195,2024,WYOMING,WY,CORN,65000.0,15000.0,85000.0,10075000.0,345000.0,155.0,23.0
196,2025,ALABAMA,AL,CORN,340000.0,4000.0,350000.0,51680000.0,60000.0,152.0,15.0
197,2025,ARIZONA,AZ,CORN,16000.0,48000.0,65000.0,3168000.0,1392000.0,198.0,29.0
198,2025,ARKANSAS,AR,CORN,790000.0,3000.0,810000.0,143780000.0,39000.0,182.0,13.0
199,2025,CALIFORNIA,CA,CORN,50000.0,365000.0,420000.0,8650000.0,9855000.0,173.0,27.0
200,2025,COLORADO,CO,CORN,1250000.0,200000.0,1500000.0,166250000.0,4600000.0,133.0,23.0
201,2025,CONNECTICUT,CT,CORN,,19000.0,23000.0,,399000.0,,21.0
202,2025,DELAWARE,DE,CORN,172000.0,2000.0,175000.0,32852000.0,50000.0,191.0,25.0
203,2025,FLORIDA,FL,CORN,57000.0,24000.0,85000.0,8835000.0,360000.0,155.0,15.0
204,2025,GEORGIA,GA,CORN,500000.0,35000.0,550000.0,93500000.0,770000.0,187.0,22.0
205,2025,IDAHO,ID,CORN,145000.0,280000.0,430000.0,30305000.0,8680000.0,209.0,31.0
206,2025,ILLINOIS,IL,CORN,11000000.0,90000.0,11200000.0,2354000000.0,1800000.0,214.0,20.0
207,2025,INDIANA,IN,CORN,5230000.0,130000.0,5400000.0,1066920000.0,2860000.0,204.0,22.0
208,2025,IOWA,IA,CORN,13200000.0,250000.0,13550000.0,2772000000.0,6250000.0,210.0,25.0
209,2025,KANSAS,KS,CORN,6500000.0,230000.0,6850000.0,942500000.0,5290000.0,145.0,23.0
210,2025,KENTUCKY,KY,CORN,1420000.0,70000.0,1520000.0,237140000.0,1470000.0,167.0,21.0
211,2025,LOUISIANA,LA,CORN,790000.0,3000.0,810000.0,152470000.0,45000.0,193.0,15.0
212,2025,MAINE,ME,CORN,,25000.0,30000.0,,325000.0,,13.0
213,2025,MARYLAND,MD,CORN,410000.0,40000.0,460000.0,70110000.0,720000.0,171.0,18.0
214,2025,MASSACHUSETTS,MA,CORN,,11000.0,14000.0,,187000.0,,17.0
215,2025,MICHIGAN,MI,CORN,1980000.0,350000.0,2350000.0,352440000.0,7875000.0,178.0,22.5
216,2025,MINNESOTA,MN,CORN,8450000.0,360000.0,8900000.0,1698450000.0,8280000.0,201.0,23.0
217,2025,MISSISSIPPI,MS,CORN,870000.0,15000.0,910000.0,156600000.0,270000.0,180.0,18.0
218,2025,MISSOURI,MO,CORN,3660000.0,80000.0,3800000.0,677100000.0,1280000.0,185.0,16.0
219,2025,MONTANA,MT,CORN,75000.0,57000.0,145000.0,9900000.0,1311000.0,132.0,23.0
220,2025,NEBRASKA,NE,CORN,10450000.0,210000.0,10750000.0,2027300000.0,4410000.0,194.0,21.0
221,2025,NEVADA,NV,CORN,,24000.0,26000.0,,528000.0,,22.0
222,2025,NEW HAMPSHIRE,NH,CORN,,10000.0,12000.0,,170000.0,,17.0
223,2025,NEW JERSEY,NJ,CORN,66000.0,7000.0,75000.0,10626000.0,140000.0,161.0,20.0
224,2025,NEW MEXICO,NM,CORN,44000.0,59000.0,105000.0,7612000.0,1357000.0,173.0,23.0
225,2025,NEW YORK,NY,CORN,450000.0,500000.0,970000.0,63000000.0,8500000.0,140.0,17.0
226,2025,NORTH CAROLINA,NC,CORN,910000.0,30000.0,950000.0,131040000.0,660000.0,144.0,22.0
227,2025,NORTH DAKOTA,ND,CORN,4500000.0,170000.0,4700000.0,711000000.0,3230000.0,158.0,19.0
228,2025,OHIO,OH,CORN,3160000.0,200000.0,3400000.0,584600000.0,4400000.0,185.0,22.0
229,2025,OKLAHOMA,OK,CORN,495000.0,25000.0,540000.0,60390000.0,350000.0,122.0,14.0
230,2025,OREGON,OR,CORN,75000.0,29000.0,105000.0,17700000.0,667000.0,236.0,23.0
231,2025,OTHER STATES,OT,CORN,0.0,,,0.0,,0.0,
232,2025,PENNSYLVANIA,PA,CORN,680000.0,315000.0,1010000.0,102680000.0,6300000.0,151.0,20.0
233,2025,RHODE ISLAND,RI,CORN,,1000.0,2000.0,,12000.0,,12.0
234,2025,SOUTH CAROLINA,SC,CORN,370000.0,6000.0,390000.0,51060000.0,114000.0,138.0,19.0
235,2025,SOUTH DAKOTA,SD,CORN,6350000.0,390000.0,6850000.0,1085850000.0,6630000.0,171.0,17.0
236,2025,TENNESSEE,TN,CORN,865000.0,35000.0,930000.0,140130000.0,665000.0,162.0,19.0
237,2025,TEXAS,TX,CORN,2140000.0,265000.0,2500000.0,288900000.0,5830000.0,135.0,22.0
238,2025,UTAH,UT,CORN,33000.0,51000.0,85000.0,5676000.0,1224000.0,172.0,24.0
239,2025,VERMONT,VT,CORN,,84000.0,95000.0,,1512000.0,,18.0
240,2025,VIRGINIA,VA,CORN,350000.0,100000.0,470000.0,58800000.0,2100000.0,168.0,21.0
241,2025,WASHINGTON,WA,CORN,110000.0,89000.0,200000.0,27610000.0,2403000.0,251.0,27.0
242,2025,WEST VIRGINIA,WV,CORN,30000.0,9000.0,41000.0,4590000.0,171000.0,153.0,19.0
243,2025,WISCONSIN,WI,CORN,3220000.0,885000.0,4150000.0,605360000.0,19470000.0,188.0,22.0
244,2025,WYOMING,WY,CORN,55000.0,23000.0,85000.0,7975000.0,529000.0,145.0,23.0
