year,state,state_abbr,state_fips,county,county_fips,agg_level,commodity,class,statistic_category,description,unit,value,coeff_variation_pct
2025,IDAHO,ID,16,,,STATE,WHEAT,"SPRING, (EXCL DURUM)",YIELD,"WHEAT, SPRING, (EXCL DURUM) - YIELD, MEASURED IN BU / ACRE",BU / ACRE,84.0,
2025,IDAHO,ID,16,,,STATE,WHEAT,"SPRING, (EXCL DURUM)",YIELD,"WHEAT, SPRING, (EXCL DURUM) - YIELD, MEASURED IN BU / ACRE",BU / ACRE,84.0,
2025,IDAHO,ID,16,,,STATE,WHEAT,"SPRING, (EXCL DURUM)",YIELD,"WHEAT, SPRING, (EXCL DURUM) - YIELD, MEASURED IN BU / ACRE",BU / ACRE,79.0,
2024,IDAHO,ID,16,,,STATE,WHEAT,"SPRING, (EXCL DURUM)",YIELD,"WHEAT, SPRING, (EXCL DURUM) - YIELD, MEASURED IN BU / ACRE",BU / ACRE,89.0,
2024,IDAHO,ID,16,,,STATE,WHEAT,"SPRING, (EXCL DURUM)",YIELD,"WHEAT, SPRING, (EXCL DURUM) - YIELD, MEASURED IN BU / ACRE",BU / ACRE,87.0,
2024,IDAHO,ID,16,,,STATE,WHEAT,"SPRING, (EXCL DURUM)",YIELD,"WHEAT, SPRING, (EXCL DURUM) - YIELD, MEASURED IN BU / ACRE",BU / ACRE,87.0,
2023,IDAHO,ID,16,,,STATE,WHEAT,"SPRING, (EXCL DURUM)",YIELD,"WHEAT, SPRING, (EXCL DURUM) - YIELD, MEASURED IN BU / ACRE",BU / ACRE,82.0,
2023,IDAHO,ID,16,,,STATE,WHEAT,"SPRING, (EXCL DURUM)",YIELD,"WHEAT, SPRING, (EXCL DURUM) - YIELD, MEASURED IN BU / ACRE",BU / ACRE,80.0,
2023,IDAHO,ID,16,,,STATE,WHEAT,"SPRING, (EXCL DURUM)",YIELD,"WHEAT, SPRING, (EXCL DURUM) - YIELD, MEASURED IN BU / ACRE",BU / ACRE,84.0,
2022,IDAHO,ID,16,,,STATE,WHEAT,"SPRING, (EXCL DURUM)",YIELD,"WHEAT, SPRING, (EXCL DURUM) - YIELD, MEASURED IN BU / ACRE",BU / ACRE,81.0,
2022,IDAHO,ID,16,,,STATE,WHEAT,"SPRING, (EXCL DURUM)",YIELD,"WHEAT, SPRING, (EXCL DURUM) - YIELD, MEASURED IN BU / ACRE",BU / ACRE,94.0,
2022,IDAHO,ID,16,,,STATE,WHEAT,"SPRING, (EXCL DURUM)",YIELD,"WHEAT, SPRING, (EXCL DURUM) - YIELD, MEASURED IN BU / ACRE",BU / ACRE,92.0,
2021,IDAHO,ID,16,,,STATE,WHEAT,"SPRING, (EXCL DURUM)",YIELD,"WHEAT, SPRING, (EXCL DURUM) - YIELD, MEASURED IN BU / ACRE",BU / ACRE,63.0,
2021,IDAHO,ID,16,,,STATE,WHEAT,"SPRING, (EXCL DURUM)",YIELD,"WHEAT, SPRING, (EXCL DURUM) - YIELD, MEASURED IN BU / ACRE",BU / ACRE,70.0,
2021,IDAHO,ID,16,,,STATE,WHEAT,"SPRING, (EXCL DURUM)",YIELD,"WHEAT, SPRING, (EXCL DURUM) - YIELD, MEASURED IN BU / ACRE",BU / ACRE,71.0,
2025,MINNESOTA,MN,27,,,STATE,WHEAT,"SPRING, (EXCL DURUM)",YIELD,"WHEAT, SPRING, (EXCL DURUM) - YIELD, MEASURED IN BU / ACRE",BU / ACRE,69.0,
2025,MINNESOTA,MN,27,,,STATE,WHEAT,"SPRING, (EXCL DURUM)",YIELD,"WHEAT, SPRING, (EXCL DURUM) - YIELD, MEASURED IN BU / ACRE",BU / ACRE,68.0,
2025,MINNESOTA,MN,27,,,STATE,WHEAT,"SPRING, (EXCL DURUM)",YIELD,"WHEAT, SPRING, (EXCL DURUM) - YIELD, MEASURED IN BU / ACRE",BU / ACRE,69.0,
2024,MINNESOTA,MN,27,,,STATE,WHEAT,"SPRING, (EXCL DURUM)",YIELD,"WHEAT, SPRING, (EXCL DURUM) - YIELD, MEASURED IN BU / ACRE",BU / ACRE,68.5,
2024,MINNESOTA,MN,27,,,STATE,WHEAT,"SPRING, (EXCL DURUM)",YIELD,"WHEAT, SPRING, (EXCL DURUM) - YIELD, MEASURED IN BU / ACRE",BU / ACRE,67.0,
2024,MINNESOTA,MN,27,,,STATE,WHEAT,"SPRING, (EXCL DURUM)",YIELD,"WHEAT, SPRING, (EXCL DURUM) - YIELD, MEASURED IN BU / ACRE",BU / ACRE,63.0,
2023,MINNESOTA,MN,27,,,STATE,WHEAT,"SPRING, (EXCL DURUM)",YIELD,"WHEAT, SPRING, (EXCL DURUM) - YIELD, MEASURED IN BU / ACRE",BU / ACRE,62.0,
2023,MINNESOTA,MN,27,,,STATE,WHEAT,"SPRING, (EXCL DURUM)",YIELD,"WHEAT, SPRING, (EXCL DURUM) - YIELD, MEASURED IN BU / ACRE",BU / ACRE,50.0,
2023,MINNESOTA,MN,27,,,STATE,WHEAT,"SPRING, (EXCL DURUM)",YIELD,"WHEAT, SPRING, (EXCL DURUM) - YIELD, MEASURED IN BU / ACRE",BU / ACRE,54.0,
2022,MINNESOTA,MN,27,,,STATE,WHEAT,"SPRING, (EXCL DURUM)",YIELD,"WHEAT, SPRING, (EXCL DURUM) - YIELD, MEASURED IN BU / ACRE",BU / ACRE,61.0,
2022,MINNESOTA,MN,27,,,STATE,WHEAT,"SPRING, (EXCL DURUM)",YIELD,"WHEAT, SPRING, (EXCL DURUM) - YIELD, MEASURED IN BU / ACRE",BU / ACRE,56.0,
2022,MINNESOTA,MN,27,,,STATE,WHEAT,"SPRING, (EXCL DURUM)",YIELD,"WHEAT, SPRING, (EXCL DURUM) - YIELD, MEASURED IN BU / ACRE",BU / ACRE,53.0,
2021,MINNESOTA,MN,27,,,STATE,WHEAT,"SPRING, (EXCL DURUM)",YIELD,"WHEAT, SPRING, (EXCL DURUM) - YIELD, MEASURED IN BU / ACRE",BU / ACRE,48.0,
2021,MINNESOTA,MN,27,,,STATE,WHEAT,"SPRING, (EXCL DURUM)",YIELD,"WHEAT, SPRING, (EXCL DURUM) - YIELD, MEASURED IN BU / ACRE",BU / ACRE,42.0,
2021,MINNESOTA,MN,27,,,STATE,WHEAT,"SPRING, (EXCL DURUM)",YIELD,"WHEAT, SPRING, (EXCL DURUM) - YIELD, MEASURED IN BU / ACRE",BU / ACRE,40.0,
2025,MONTANA,MT,30,,,STATE,WHEAT,"SPRING, (EXCL DURUM)",YIELD,"WHEAT, SPRING, (EXCL DURUM) - YIELD, MEASURED IN BU / ACRE",BU / ACRE,29.0,
2025,MONTANA,MT,30,,,STATE,WHEAT,"SPRING, (EXCL DURUM)",YIELD,"WHEAT, SPRING, (EXCL DURUM) - YIELD, MEASURED IN BU / ACRE",BU / ACRE,25.0,
2025,MONTANA,MT,30,,,STATE,WHEAT,"SPRING, (EXCL DURUM)",YIELD,"WHEAT, SPRING, (EXCL DURUM) - YIELD, MEASURED IN BU / ACRE",BU / ACRE,24.0,
2024,MONTANA,MT,30,,,STATE,WHEAT,"SPRING, (EXCL DURUM)",YIELD,"WHEAT, SPRING, (EXCL DURUM) - YIELD, MEASURED IN BU / ACRE",BU / ACRE,26.0,
2024,MONTANA,MT,30,,,STATE,WHEAT,"SPRING, (EXCL DURUM)",YIELD,"WHEAT, SPRING, (EXCL DURUM) - YIELD, MEASURED IN BU / ACRE",BU / ACRE,33.0,
2024,MONTANA,MT,30,,,STATE,WHEAT,"SPRING, (EXCL DURUM)",YIELD,"WHEAT, SPRING, (EXCL DURUM) - YIELD, MEASURED IN BU / ACRE",BU / ACRE,35.0,
2023,MONTANA,MT,30,,,STATE,WHEAT,"SPRING, (EXCL DURUM)",YIELD,"WHEAT, SPRING, (EXCL DURUM) - YIELD, MEASURED IN BU / ACRE",BU / ACRE,30.0,
2023,MONTANA,MT,30,,,STATE,WHEAT,"SPRING, (EXCL DURUM)",YIELD,"WHEAT, SPRING, (EXCL DURUM) - YIELD, MEASURED IN BU / ACRE",BU / ACRE,28.0,
2023,MONTANA,MT,30,,,STATE,WHEAT,"SPRING, (EXCL DURUM)",YIELD,"WHEAT, SPRING, (EXCL DURUM) - YIELD, MEASURED IN BU / ACRE",BU / ACRE,34.0,
2022,MONTANA,MT,30,,,STATE,WHEAT,"SPRING, (EXCL DURUM)",YIELD,"WHEAT, SPRING, (EXCL DURUM) - YIELD, MEASURED IN BU / ACRE",BU / ACRE,25.0,
2022,MONTANA,MT,30,,,STATE,WHEAT,"SPRING, (EXCL DURUM)",YIELD,"WHEAT, SPRING, (EXCL DURUM) - YIELD, MEASURED IN BU / ACRE",BU / ACRE,28.0,
2022,MONTANA,MT,30,,,STATE,WHEAT,"SPRING, (EXCL DURUM)",YIELD,"WHEAT, SPRING, (EXCL DURUM) - YIELD, MEASURED IN BU / ACRE",BU / ACRE,28.0,
2021,MONTANA,MT,30,,,STATE,WHEAT,"SPRING, (EXCL DURUM)",YIELD,"WHEAT, SPRING, (EXCL DURUM) - YIELD, MEASURED IN BU / ACRE",BU / ACRE,17.0,
2021,MONTANA,MT,30,,,STATE,WHEAT,"SPRING, (EXCL DURUM)",YIELD,"WHEAT, SPRING, (EXCL DURUM) - YIELD, MEASURED IN BU / ACRE",BU / ACRE,20.0,
2021,MONTANA,MT,30,,,STATE,WHEAT,"SPRING, (EXCL DURUM)",YIELD,"WHEAT, SPRING, (EXCL DURUM) - YIELD, MEASURED IN BU / ACRE",BU / ACRE,25.0,
2025,NORTH DAKOTA,ND,38,,,STATE,WHEAT,"SPRING, (EXCL DURUM)",YIELD,"WHEAT, SPRING, (EXCL DURUM) - YIELD, MEASURED IN BU / ACRE",BU / ACRE,55.0,
2025,NORTH DAKOTA,ND,38,,,STATE,WHEAT,"SPRING, (EXCL DURUM)",YIELD,"WHEAT, SPRING, (EXCL DURUM) - YIELD, MEASURED IN BU / ACRE",BU / ACRE,55.0,
2025,NORTH DAKOTA,ND,38,,,STATE,WHEAT,"SPRING, (EXCL DURUM)",YIELD,"WHEAT, SPRING, (EXCL DURUM) - YIELD, MEASURED IN BU / ACRE",BU / ACRE,59.0,
2024,NORTH DAKOTA,ND,38,,,STATE,WHEAT,"SPRING, (EXCL DURUM)",YIELD,"WHEAT, SPRING, (EXCL DURUM) - YIELD, MEASURED IN BU / ACRE",BU / ACRE,59.0,
2024,NORTH DAKOTA,ND,38,,,STATE,WHEAT,"SPRING, (EXCL DURUM)",YIELD,"WHEAT, SPRING, (EXCL DURUM) - YIELD, MEASURED IN BU / ACRE",BU / ACRE,56.0,
2024,NORTH DAKOTA,ND,38,,,STATE,WHEAT,"SPRING, (EXCL DURUM)",YIELD,"WHEAT, SPRING, (EXCL DURUM) - YIELD, MEASURED IN BU / ACRE",BU / ACRE,56.0,
2023,NORTH DAKOTA,ND,38,,,STATE,WHEAT,"SPRING, (EXCL DURUM)",YIELD,"WHEAT, SPRING, (EXCL DURUM) - YIELD, MEASURED IN BU / ACRE",BU / ACRE,48.5,
2023,NORTH DAKOTA,ND,38,,,STATE,WHEAT,"SPRING, (EXCL DURUM)",YIELD,"WHEAT, SPRING, (EXCL DURUM) - YIELD, MEASURED IN BU / ACRE",BU / ACRE,45.0,
2023,NORTH DAKOTA,ND,38,,,STATE,WHEAT,"SPRING, (EXCL DURUM)",YIELD,"WHEAT, SPRING, (EXCL DURUM) - YIELD, MEASURED IN BU / ACRE",BU / ACRE,47.0,
2022,NORTH DAKOTA,ND,38,,,STATE,WHEAT,"SPRING, (EXCL DURUM)",YIELD,"WHEAT, SPRING, (EXCL DURUM) - YIELD, MEASURED IN BU / ACRE",BU / ACRE,50.0,
2022,NORTH DAKOTA,ND,38,,,STATE,WHEAT,"SPRING, (EXCL DURUM)",YIELD,"WHEAT, SPRING, (EXCL DURUM) - YIELD, MEASURED IN BU / ACRE",BU / ACRE,52.0,
2022,NORTH DAKOTA,ND,38,,,STATE,WHEAT,"SPRING, (EXCL DURUM)",YIELD,"WHEAT, SPRING, (EXCL DURUM) - YIELD, MEASURED IN BU / ACRE",BU / ACRE,51.0,
2021,NORTH DAKOTA,ND,38,,,STATE,WHEAT,"SPRING, (EXCL DURUM)",YIELD,"WHEAT, SPRING, (EXCL DURUM) - YIELD, MEASURED IN BU / ACRE",BU / ACRE,33.5,
2021,NORTH DAKOTA,ND,38,,,STATE,WHEAT,"SPRING, (EXCL DURUM)",YIELD,"WHEAT, SPRING, (EXCL DURUM) - YIELD, MEASURED IN BU / ACRE",BU / ACRE,30.0,
2021,NORTH DAKOTA,ND,38,,,STATE,WHEAT,"SPRING, (EXCL DURUM)",YIELD,"WHEAT, SPRING, (EXCL DURUM) - YIELD, MEASURED IN BU / ACRE",BU / ACRE,28.0,
2025,SOUTH DAKOTA,SD,46,,,STATE,WHEAT,"SPRING, (EXCL DURUM)",YIELD,"WHEAT, SPRING, (EXCL DURUM) - YIELD, MEASURED IN BU / ACRE",BU / ACRE,51.0,
2025,SOUTH DAKOTA,SD,46,,,STATE,WHEAT,"SPRING, (EXCL DURUM)",YIELD,"WHEAT, SPRING, (EXCL DURUM) - YIELD, MEASURED IN BU / ACRE",BU / ACRE,46.0,
2025,SOUTH DAKOTA,SD,46,,,STATE,WHEAT,"SPRING, (EXCL DURUM)",YIELD,"WHEAT, SPRING, (EXCL DURUM) - YIELD, MEASURED IN BU / ACRE",BU / ACRE,47.0,
2024,SOUTH DAKOTA,SD,46,,,STATE,WHEAT,"SPRING, (EXCL DURUM)",YIELD,"WHEAT, SPRING, (EXCL DURUM) - YIELD, MEASURED IN BU / ACRE",BU / ACRE,49.0,
2024,SOUTH DAKOTA,SD,46,,,STATE,WHEAT,"SPRING, (EXCL DURUM)",YIELD,"WHEAT, SPRING, (EXCL DURUM) - YIELD, MEASURED IN BU / ACRE",BU / ACRE,50.0,
2024,SOUTH DAKOTA,SD,46,,,STATE,WHEAT,"SPRING, (EXCL DURUM)",YIELD,"WHEAT, SPRING, (EXCL DURUM) - YIELD, MEASURED IN BU / ACRE",BU / ACRE,50.0,
2023,SOUTH DAKOTA,SD,46,,,STATE,WHEAT,"SPRING, (EXCL DURUM)",YIELD,"WHEAT, SPRING, (EXCL DURUM) - YIELD, MEASURED IN BU / ACRE",BU / ACRE,43.0,
2023,SOUTH DAKOTA,SD,46,,,STATE,WHEAT,"SPRING, (EXCL DURUM)",YIELD,"WHEAT, SPRING, (EXCL DURUM) - YIELD, MEASURED IN BU / ACRE",BU / ACRE,30.0,
2023,SOUTH DAKOTA,SD,46,,,STATE,WHEAT,"SPRING, (EXCL DURUM)",YIELD,"WHEAT, SPRING, (EXCL DURUM) - YIELD, MEASURED IN BU / ACRE",BU / ACRE,34.0,
2022,SOUTH DAKOTA,SD,46,,,STATE,WHEAT,"SPRING, (EXCL DURUM)",YIELD,"WHEAT, SPRING, (EXCL DURUM) - YIELD, MEASURED IN BU / ACRE",BU / ACRE,48.0,
2022,SOUTH DAKOTA,SD,46,,,STATE,WHEAT,"SPRING, (EXCL DURUM)",YIELD,"WHEAT, SPRING, (EXCL DURUM) - YIELD, MEASURED IN BU / ACRE",BU / ACRE,44.0,
2022,SOUTH DAKOTA,SD,46,,,STATE,WHEAT,"SPRING, (EXCL DURUM)",YIELD,"WHEAT, SPRING, (EXCL DURUM) - YIELD, MEASURED IN BU / ACRE",BU / ACRE,49.0,
2021,SOUTH DAKOTA,SD,46,,,STATE,WHEAT,"SPRING, (EXCL DURUM)",YIELD,"WHEAT, SPRING, (EXCL DURUM) - YIELD, MEASURED IN BU / ACRE",BU / ACRE,29.0,
2021,SOUTH DAKOTA,SD,46,,,STATE,WHEAT,"SPRING, (EXCL DURUM)",YIELD,"WHEAT, SPRING, (EXCL DURUM) - YIELD, MEASURED IN BU / ACRE",BU / ACRE,24.0,
2021,SOUTH DAKOTA,SD,46,,,STATE,WHEAT,"SPRING, (EXCL DURUM)",YIELD,"WHEAT, SPRING, (EXCL DURUM) - YIELD, MEASURED IN BU / ACRE",BU / ACRE,25.0,
2025,WASHINGTON,WA,53,,,STATE,WHEAT,"SPRING, (EXCL DURUM)",YIELD,"WHEAT, SPRING, (EXCL DURUM) - YIELD, MEASURED IN BU / ACRE",BU / ACRE,42.0,
2025,WASHINGTON,WA,53,,,STATE,WHEAT,"SPRING, (EXCL DURUM)",YIELD,"WHEAT, SPRING, (EXCL DURUM) - YIELD, MEASURED IN BU / ACRE",BU / ACRE,43.0,
2025,WASHINGTON,WA,53,,,STATE,WHEAT,"SPRING, (EXCL DURUM)",YIELD,"WHEAT, SPRING, (EXCL DURUM) - YIELD, MEASURED IN BU / ACRE",BU / ACRE,47.0,
2024,WASHINGTON,WA,53,,,STATE,WHEAT,"SPRING, (EXCL DURUM)",YIELD,"WHEAT, SPRING, (EXCL DURUM) - YIELD, MEASURED IN BU / ACRE",BU / ACRE,43.0,
2024,WASHINGTON,WA,53,,,STATE,WHEAT,"SPRING, (EXCL DURUM)",YIELD,"WHEAT, SPRING, (EXCL DURUM) - YIELD, MEASURED IN BU / ACRE",BU / ACRE,48.0,
2024,WASHINGTON,WA,53,,,STATE,WHEAT,"SPRING, (EXCL DURUM)",YIELD,"WHEAT, SPRING, (EXCL DURUM) - YIELD, MEASURED IN BU / ACRE",BU / ACRE,50.0,
2023,WASHINGTON,WA,53,,,STATE,WHEAT,"SPRING, (EXCL DURUM)",YIELD,"WHEAT, SPRING, (EXCL DURUM) - YIELD, MEASURED IN BU / ACRE",BU / ACRE,38.0,
2023,WASHINGTON,WA,53,,,STATE,WHEAT,"SPRING, (EXCL DURUM)",YIELD,"WHEAT, SPRING, (EXCL DURUM) - YIELD, MEASURED IN BU / ACRE",BU / ACRE,45.0,
2023,WASHINGTON,WA,53,,,STATE,WHEAT,"SPRING, (EXCL DURUM)",YIELD,"WHEAT, SPRING, (EXCL DURUM) - YIELD, MEASURED IN BU / ACRE",BU / ACRE,50.0,
2022,WASHINGTON,WA,53,,,STATE,WHEAT,"SPRING, (EXCL DURUM)",YIELD,"WHEAT, SPRING, (EXCL DURUM) - YIELD, MEASURED IN BU / ACRE",BU / ACRE,46.0,
2022,WASHINGTON,WA,53,,,STATE,WHEAT,"SPRING, (EXCL DURUM)",YIELD,"WHEAT, SPRING, (EXCL DURUM) - YIELD, MEASURED IN BU / ACRE",BU / ACRE,54.0,
2022,WASHINGTON,WA,53,,,STATE,WHEAT,"SPRING, (EXCL DURUM)",YIELD,"WHEAT, SPRING, (EXCL DURUM) - YIELD, MEASURED IN BU / ACRE",BU / ACRE,48.0,
2021,WASHINGTON,WA,53,,,STATE,WHEAT,"SPRING, (EXCL DURUM)",YIELD,"WHEAT, SPRING, (EXCL DURUM) - YIELD, MEASURED IN BU / ACRE",BU / ACRE,30.0,
2021,WASHINGTON,WA,53,,,STATE,WHEAT,"SPRING, (EXCL DURUM)",YIELD,"WHEAT, SPRING, (EXCL DURUM) - YIELD, MEASURED IN BU / ACRE",BU / ACRE,35.0,
2021,WASHINGTON,WA,53,,,STATE,WHEAT,"SPRING, (EXCL DURUM)",YIELD,"WHEAT, SPRING, (EXCL DURUM) - YIELD, MEASURED IN BU / ACRE",BU / ACRE,37.0,
2025,IDAHO,ID,16,,,STATE,WHEAT,"SPRING, (EXCL DURUM)",AREA PLANTED,"WHEAT, SPRING, (EXCL DURUM) - ACRES PLANTED",ACRES,435000,
2025,IDAHO,ID,16,,,STATE,WHEAT,"SPRING, (EXCL DURUM)",AREA PLANTED,"WHEAT, SPRING, (EXCL DURUM) - ACRES PLANTED",ACRES,420000,
2025,IDAHO,ID,16,,,STATE,WHEAT,"SPRING, (EXCL DURUM)",AREA PLANTED,"WHEAT, SPRING, (EXCL DURUM) - ACRES PLANTED",ACRES,400000,
2025,IDAHO,ID,16,,,STATE,WHEAT,"SPRING, (EXCL DURUM)",AREA PLANTED,"WHEAT, SPRING, (EXCL DURUM) - ACRES PLANTED",ACRES,400000,
2024,IDAHO,ID,16,,,STATE,WHEAT,"SPRING, (EXCL DURUM)",AREA PLANTED,"WHEAT, SPRING, (EXCL DURUM) - ACRES PLANTED",ACRES,450000,
2024,IDAHO,ID,16,,,STATE,WHEAT,"SPRING, (EXCL DURUM)",AREA PLANTED,"WHEAT, SPRING, (EXCL DURUM) - ACRES PLANTED",ACRES,460000,
2024,IDAHO,ID,16,,,STATE,WHEAT,"SPRING, (EXCL DURUM)",AREA PLANTED,"WHEAT, SPRING, (EXCL DURUM) - ACRES PLANTED",ACRES,460000,
2024,IDAHO,ID,16,,,STATE,WHEAT,"SPRING, (EXCL DURUM)",AREA PLANTED,"WHEAT, SPRING, (EXCL DURUM) - ACRES PLANTED",ACRES,410000,
2023,IDAHO,ID,16,,,STATE,WHEAT,"SPRING, (EXCL DURUM)",AREA PLANTED,"WHEAT, SPRING, (EXCL DURUM) - ACRES PLANTED",ACRES,410000,
2023,IDAHO,ID,16,,,STATE,WHEAT,"SPRING, (EXCL DURUM)",AREA PLANTED,"WHEAT, SPRING, (EXCL DURUM) - ACRES PLANTED",ACRES,400000,
2023,IDAHO,ID,16,,,STATE,WHEAT,"SPRING, (EXCL DURUM)",AREA PLANTED,"WHEAT, SPRING, (EXCL DURUM) - ACRES PLANTED",ACRES,420000,
2022,IDAHO,ID,16,,,STATE,WHEAT,"SPRING, (EXCL DURUM)",AREA PLANTED,"WHEAT, SPRING, (EXCL DURUM) - ACRES PLANTED",ACRES,380000,
2022,IDAHO,ID,16,,,STATE,WHEAT,"SPRING, (EXCL DURUM)",AREA PLANTED,"WHEAT, SPRING, (EXCL DURUM) - ACRES PLANTED",ACRES,470000,
2022,IDAHO,ID,16,,,STATE,WHEAT,"SPRING, (EXCL DURUM)",AREA PLANTED,"WHEAT, SPRING, (EXCL DURUM) - ACRES PLANTED",ACRES,470000,
2021,IDAHO,ID,16,,,STATE,WHEAT,"SPRING, (EXCL DURUM)",AREA PLANTED,"WHEAT, SPRING, (EXCL DURUM) - ACRES PLANTED",ACRES,510000,
2021,IDAHO,ID,16,,,STATE,WHEAT,"SPRING, (EXCL DURUM)",AREA PLANTED,"WHEAT, SPRING, (EXCL DURUM) - ACRES PLANTED",ACRES,520000,
2021,IDAHO,ID,16,,,STATE,WHEAT,"SPRING, (EXCL DURUM)",AREA PLANTED,"WHEAT, SPRING, (EXCL DURUM) - ACRES PLANTED",ACRES,530000,
2025,MINNESOTA,MN,27,,,STATE,WHEAT,"SPRING, (EXCL DURUM)",AREA PLANTED,"WHEAT, SPRING, (EXCL DURUM) - ACRES PLANTED",ACRES,1150000,
2025,MINNESOTA,MN,27,,,STATE,WHEAT,"SPRING, (EXCL DURUM)",AREA PLANTED,"WHEAT, SPRING, (EXCL DURUM) - ACRES PLANTED",ACRES,1150000,
2025,MINNESOTA,MN,27,,,STATE,WHEAT,"SPRING, (EXCL DURUM)",AREA PLANTED,"WHEAT, SPRING, (EXCL DURUM) - ACRES PLANTED",ACRES,1210000,
2025,MINNESOTA,MN,27,,,STATE,WHEAT,"SPRING, (EXCL DURUM)",AREA PLANTED,"WHEAT, SPRING, (EXCL DURUM) - ACRES PLANTED",ACRES,1260000,
2024,MINNESOTA,MN,27,,,STATE,WHEAT,"SPRING, (EXCL DURUM)",AREA PLANTED,"WHEAT, SPRING, (EXCL DURUM) - ACRES PLANTED",ACRES,1220000,
2024,MINNESOTA,MN,27,,,STATE,WHEAT,"SPRING, (EXCL DURUM)",AREA PLANTED,"WHEAT, SPRING, (EXCL DURUM) - ACRES PLANTED",ACRES,1220000,
2024,MINNESOTA,MN,27,,,STATE,WHEAT,"SPRING, (EXCL DURUM)",AREA PLANTED,"WHEAT, SPRING, (EXCL DURUM) - ACRES PLANTED",ACRES,1550000,
2024,MINNESOTA,MN,27,,,STATE,WHEAT,"SPRING, (EXCL DURUM)",AREA PLANTED,"WHEAT, SPRING, (EXCL DURUM) - ACRES PLANTED",ACRES,1600000,
2023,MINNESOTA,MN,27,,,STATE,WHEAT,"SPRING, (EXCL DURUM)",AREA PLANTED,"WHEAT, SPRING, (EXCL DURUM) - ACRES PLANTED",ACRES,1300000,
2023,MINNESOTA,MN,27,,,STATE,WHEAT,"SPRING, (EXCL DURUM)",AREA PLANTED,"WHEAT, SPRING, (EXCL DURUM) - ACRES PLANTED",ACRES,1140000,
2023,MINNESOTA,MN,27,,,STATE,WHEAT,"SPRING, (EXCL DURUM)",AREA PLANTED,"WHEAT, SPRING, (EXCL DURUM) - ACRES PLANTED",ACRES,1180000,
2022,MINNESOTA,MN,27,,,STATE,WHEAT,"SPRING, (EXCL DURUM)",AREA PLANTED,"WHEAT, SPRING, (EXCL DURUM) - ACRES PLANTED",ACRES,1250000,
2022,MINNESOTA,MN,27,,,STATE,WHEAT,"SPRING, (EXCL DURUM)",AREA PLANTED,"WHEAT, SPRING, (EXCL DURUM) - ACRES PLANTED",ACRES,1250000,
2022,MINNESOTA,MN,27,,,STATE,WHEAT,"SPRING, (EXCL DURUM)",AREA PLANTED,"WHEAT, SPRING, (EXCL DURUM) - ACRES PLANTED",ACRES,1260000,
2021,MINNESOTA,MN,27,,,STATE,WHEAT,"SPRING, (EXCL DURUM)",AREA PLANTED,"WHEAT, SPRING, (EXCL DURUM) - ACRES PLANTED",ACRES,1210000,
2021,MINNESOTA,MN,27,,,STATE,WHEAT,"SPRING, (EXCL DURUM)",AREA PLANTED,"WHEAT, SPRING, (EXCL DURUM) - ACRES PLANTED",ACRES,1220000,
2021,MINNESOTA,MN,27,,,STATE,WHEAT,"SPRING, (EXCL DURUM)",AREA PLANTED,"WHEAT, SPRING, (EXCL DURUM) - ACRES PLANTED",ACRES,1380000,
2025,MONTANA,MT,30,,,STATE,WHEAT,"SPRING, (EXCL DURUM)",AREA PLANTED,"WHEAT, SPRING, (EXCL DURUM) - ACRES PLANTED",ACRES,2150000,
2025,MONTANA,MT,30,,,STATE,WHEAT,"SPRING, (EXCL DURUM)",AREA PLANTED,"WHEAT, SPRING, (EXCL DURUM) - ACRES PLANTED",ACRES,2200000,
2025,MONTANA,MT,30,,,STATE,WHEAT,"SPRING, (EXCL DURUM)",AREA PLANTED,"WHEAT, SPRING, (EXCL DURUM) - ACRES PLANTED",ACRES,2300000,
2025,MONTANA,MT,30,,,STATE,WHEAT,"SPRING, (EXCL DURUM)",AREA PLANTED,"WHEAT, SPRING, (EXCL DURUM) - ACRES PLANTED",ACRES,2150000,
2024,MONTANA,MT,30,,,STATE,WHEAT,"SPRING, (EXCL DURUM)",AREA PLANTED,"WHEAT, SPRING, (EXCL DURUM) - ACRES PLANTED",ACRES,2500000,
2024,MONTANA,MT,30,,,STATE,WHEAT,"SPRING, (EXCL DURUM)",AREA PLANTED,"WHEAT, SPRING, (EXCL DURUM) - ACRES PLANTED",ACRES,2450000,
2024,MONTANA,MT,30,,,STATE,WHEAT,"SPRING, (EXCL DURUM)",AREA PLANTED,"WHEAT, SPRING, (EXCL DURUM) - ACRES PLANTED",ACRES,2450000,
2024,MONTANA,MT,30,,,STATE,WHEAT,"SPRING, (EXCL DURUM)",AREA PLANTED,"WHEAT, SPRING, (EXCL DURUM) - ACRES PLANTED",ACRES,2700000,
2023,MONTANA,MT,30,,,STATE,WHEAT,"SPRING, (EXCL DURUM)",AREA PLANTED,"WHEAT, SPRING, (EXCL DURUM) - ACRES PLANTED",ACRES,2700000,
2023,MONTANA,MT,30,,,STATE,WHEAT,"SPRING, (EXCL DURUM)",AREA PLANTED,"WHEAT, SPRING, (EXCL DURUM) - ACRES PLANTED",ACRES,2800000,
2023,MONTANA,MT,30,,,STATE,WHEAT,"SPRING, (EXCL DURUM)",AREA PLANTED,"WHEAT, SPRING, (EXCL DURUM) - ACRES PLANTED",ACRES,2600000,
2022,MONTANA,MT,30,,,STATE,WHEAT,"SPRING, (EXCL DURUM)",AREA PLANTED,"WHEAT, SPRING, (EXCL DURUM) - ACRES PLANTED",ACRES,2700000,
2022,MONTANA,MT,30,,,STATE,WHEAT,"SPRING, (EXCL DURUM)",AREA PLANTED,"WHEAT, SPRING, (EXCL DURUM) - ACRES PLANTED",ACRES,2750000,
2022,MONTANA,MT,30,,,STATE,WHEAT,"SPRING, (EXCL DURUM)",AREA PLANTED,"WHEAT, SPRING, (EXCL DURUM) - ACRES PLANTED",ACRES,3050000,
2021,MONTANA,MT,30,,,STATE,WHEAT,"SPRING, (EXCL DURUM)",AREA PLANTED,"WHEAT, SPRING, (EXCL DURUM) - ACRES PLANTED",ACRES,2900000,
2021,MONTANA,MT,30,,,STATE,WHEAT,"SPRING, (EXCL DURUM)",AREA PLANTED,"WHEAT, SPRING, (EXCL DURUM) - ACRES PLANTED",ACRES,2600000,
2021,MONTANA,MT,30,,,STATE,WHEAT,"SPRING, (EXCL DURUM)",AREA PLANTED,"WHEAT, SPRING, (EXCL DURUM) - ACRES PLANTED",ACRES,2900000,
2025,NORTH DAKOTA,ND,38,,,STATE,WHEAT,"SPRING, (EXCL DURUM)",AREA PLANTED,"WHEAT, SPRING, (EXCL DURUM) - ACRES PLANTED",ACRES,5100000,
2025,NORTH DAKOTA,ND,38,,,STATE,WHEAT,"SPRING, (EXCL DURUM)",AREA PLANTED,"WHEAT, SPRING, (EXCL DURUM) - ACRES PLANTED",ACRES,5100000,
2025,NORTH DAKOTA,ND,38,,,STATE,WHEAT,"SPRING, (EXCL DURUM)",AREA PLANTED,"WHEAT, SPRING, (EXCL DURUM) - ACRES PLANTED",ACRES,5000000,
2025,NORTH DAKOTA,ND,38,,,STATE,WHEAT,"SPRING, (EXCL DURUM)",AREA PLANTED,"WHEAT, SPRING, (EXCL DURUM) - ACRES PLANTED",ACRES,5050000,
2024,NORTH DAKOTA,ND,38,,,STATE,WHEAT,"SPRING, (EXCL DURUM)",AREA PLANTED,"WHEAT, SPRING, (EXCL DURUM) - ACRES PLANTED",ACRES,5350000,
2024,NORTH DAKOTA,ND,38,,,STATE,WHEAT,"SPRING, (EXCL DURUM)",AREA PLANTED,"WHEAT, SPRING, (EXCL DURUM) - ACRES PLANTED",ACRES,5400000,
2024,NORTH DAKOTA,ND,38,,,STATE,WHEAT,"SPRING, (EXCL DURUM)",AREA PLANTED,"WHEAT, SPRING, (EXCL DURUM) - ACRES PLANTED",ACRES,5600000,
2024,NORTH DAKOTA,ND,38,,,STATE,WHEAT,"SPRING, (EXCL DURUM)",AREA PLANTED,"WHEAT, SPRING, (EXCL DURUM) - ACRES PLANTED",ACRES,5300000,
2023,NORTH DAKOTA,ND,38,,,STATE,WHEAT,"SPRING, (EXCL DURUM)",AREA PLANTED,"WHEAT, SPRING, (EXCL DURUM) - ACRES PLANTED",ACRES,5550000,
2023,NORTH DAKOTA,ND,38,,,STATE,WHEAT,"SPRING, (EXCL DURUM)",AREA PLANTED,"WHEAT, SPRING, (EXCL DURUM) - ACRES PLANTED",ACRES,5600000,
2023,NORTH DAKOTA,ND,38,,,STATE,WHEAT,"SPRING, (EXCL DURUM)",AREA PLANTED,"WHEAT, SPRING, (EXCL DURUM) - ACRES PLANTED",ACRES,5200000,
2022,NORTH DAKOTA,ND,38,,,STATE,WHEAT,"SPRING, (EXCL DURUM)",AREA PLANTED,"WHEAT, SPRING, (EXCL DURUM) - ACRES PLANTED",ACRES,5300000,
2022,NORTH DAKOTA,ND,38,,,STATE,WHEAT,"SPRING, (EXCL DURUM)",AREA PLANTED,"WHEAT, SPRING, (EXCL DURUM) - ACRES PLANTED",ACRES,5400000,
2022,NORTH DAKOTA,ND,38,,,STATE,WHEAT,"SPRING, (EXCL DURUM)",AREA PLANTED,"WHEAT, SPRING, (EXCL DURUM) - ACRES PLANTED",ACRES,5200000,
2021,NORTH DAKOTA,ND,38,,,STATE,WHEAT,"SPRING, (EXCL DURUM)",AREA PLANTED,"WHEAT, SPRING, (EXCL DURUM) - ACRES PLANTED",ACRES,5500000,
2021,NORTH DAKOTA,ND,38,,,STATE,WHEAT,"SPRING, (EXCL DURUM)",AREA PLANTED,"WHEAT, SPRING, (EXCL DURUM) - ACRES PLANTED",ACRES,5950000,
2021,NORTH DAKOTA,ND,38,,,STATE,WHEAT,"SPRING, (EXCL DURUM)",AREA PLANTED,"WHEAT, SPRING, (EXCL DURUM) - ACRES PLANTED",ACRES,5600000,
2025,SOUTH DAKOTA,SD,46,,,STATE,WHEAT,"SPRING, (EXCL DURUM)",AREA PLANTED,"WHEAT, SPRING, (EXCL DURUM) - ACRES PLANTED",ACRES,680000,
2025,SOUTH DAKOTA,SD,46,,,STATE,WHEAT,"SPRING, (EXCL DURUM)",AREA PLANTED,"WHEAT, SPRING, (EXCL DURUM) - ACRES PLANTED",ACRES,660000,
2025,SOUTH DAKOTA,SD,46,,,STATE,WHEAT,"SPRING, (EXCL DURUM)",AREA PLANTED,"WHEAT, SPRING, (EXCL DURUM) - ACRES PLANTED",ACRES,660000,
2025,SOUTH DAKOTA,SD,46,,,STATE,WHEAT,"SPRING, (EXCL DURUM)",AREA PLANTED,"WHEAT, SPRING, (EXCL DURUM) - ACRES PLANTED",ACRES,660000,
2024,SOUTH DAKOTA,SD,46,,,STATE,WHEAT,"SPRING, (EXCL DURUM)",AREA PLANTED,"WHEAT, SPRING, (EXCL DURUM) - ACRES PLANTED",ACRES,660000,
2024,SOUTH DAKOTA,SD,46,,,STATE,WHEAT,"SPRING, (EXCL DURUM)",AREA PLANTED,"WHEAT, SPRING, (EXCL DURUM) - ACRES PLANTED",ACRES,680000,
2024,SOUTH DAKOTA,SD,46,,,STATE,WHEAT,"SPRING, (EXCL DURUM)",AREA PLANTED,"WHEAT, SPRING, (EXCL DURUM) - ACRES PLANTED",ACRES,720000,
2024,SOUTH DAKOTA,SD,46,,,STATE,WHEAT,"SPRING, (EXCL DURUM)",AREA PLANTED,"WHEAT, SPRING, (EXCL DURUM) - ACRES PLANTED",ACRES,850000,
2023,SOUTH DAKOTA,SD,46,,,STATE,WHEAT,"SPRING, (EXCL DURUM)",AREA PLANTED,"WHEAT, SPRING, (EXCL DURUM) - ACRES PLANTED",ACRES,740000,
2023,SOUTH DAKOTA,SD,46,,,STATE,WHEAT,"SPRING, (EXCL DURUM)",AREA PLANTED,"WHEAT, SPRING, (EXCL DURUM) - ACRES PLANTED",ACRES,750000,
2023,SOUTH DAKOTA,SD,46,,,STATE,WHEAT,"SPRING, (EXCL DURUM)",AREA PLANTED,"WHEAT, SPRING, (EXCL DURUM) - ACRES PLANTED",ACRES,730000,
2022,SOUTH DAKOTA,SD,46,,,STATE,WHEAT,"SPRING, (EXCL DURUM)",AREA PLANTED,"WHEAT, SPRING, (EXCL DURUM) - ACRES PLANTED",ACRES,750000,
2022,SOUTH DAKOTA,SD,46,,,STATE,WHEAT,"SPRING, (EXCL DURUM)",AREA PLANTED,"WHEAT, SPRING, (EXCL DURUM) - ACRES PLANTED",ACRES,770000,
2022,SOUTH DAKOTA,SD,46,,,STATE,WHEAT,"SPRING, (EXCL DURUM)",AREA PLANTED,"WHEAT, SPRING, (EXCL DURUM) - ACRES PLANTED",ACRES,730000,
2021,SOUTH DAKOTA,SD,46,,,STATE,WHEAT,"SPRING, (EXCL DURUM)",AREA PLANTED,"WHEAT, SPRING, (EXCL DURUM) - ACRES PLANTED",ACRES,720000,
2021,SOUTH DAKOTA,SD,46,,,STATE,WHEAT,"SPRING, (EXCL DURUM)",AREA PLANTED,"WHEAT, SPRING, (EXCL DURUM) - ACRES PLANTED",ACRES,730000,
2021,SOUTH DAKOTA,SD,46,,,STATE,WHEAT,"SPRING, (EXCL DURUM)",AREA PLANTED,"WHEAT, SPRING, (EXCL DURUM) - ACRES PLANTED",ACRES,750000,
2025,WASHINGTON,WA,53,,,STATE,WHEAT,"SPRING, (EXCL DURUM)",AREA PLANTED,"WHEAT, SPRING, (EXCL DURUM) - ACRES PLANTED",ACRES,475000,
2025,WASHINGTON,WA,53,,,STATE,WHEAT,"SPRING, (EXCL DURUM)",AREA PLANTED,"WHEAT, SPRING, (EXCL DURUM) - ACRES PLANTED",ACRES,460000,
2025,WASHINGTON,WA,53,,,STATE,WHEAT,"SPRING, (EXCL DURUM)",AREA PLANTED,"WHEAT, SPRING, (EXCL DURUM) - ACRES PLANTED",ACRES,475000,
2025,WASHINGTON,WA,53,,,STATE,WHEAT,"SPRING, (EXCL DURUM)",AREA PLANTED,"WHEAT, SPRING, (EXCL DURUM) - ACRES PLANTED",ACRES,500000,
2024,WASHINGTON,WA,53,,,STATE,WHEAT,"SPRING, (EXCL DURUM)",AREA PLANTED,"WHEAT, SPRING, (EXCL DURUM) - ACRES PLANTED",ACRES,495000,
2024,WASHINGTON,WA,53,,,STATE,WHEAT,"SPRING, (EXCL DURUM)",AREA PLANTED,"WHEAT, SPRING, (EXCL DURUM) - ACRES PLANTED",ACRES,495000,
2024,WASHINGTON,WA,53,,,STATE,WHEAT,"SPRING, (EXCL DURUM)",AREA PLANTED,"WHEAT, SPRING, (EXCL DURUM) - ACRES PLANTED",ACRES,490000,
2024,WASHINGTON,WA,53,,,STATE,WHEAT,"SPRING, (EXCL DURUM)",AREA PLANTED,"WHEAT, SPRING, (EXCL DURUM) - ACRES PLANTED",ACRES,475000,
2023,WASHINGTON,WA,53,,,STATE,WHEAT,"SPRING, (EXCL DURUM)",AREA PLANTED,"WHEAT, SPRING, (EXCL DURUM) - ACRES PLANTED",ACRES,500000,
2023,WASHINGTON,WA,53,,,STATE,WHEAT,"SPRING, (EXCL DURUM)",AREA PLANTED,"WHEAT, SPRING, (EXCL DURUM) - ACRES PLANTED",ACRES,450000,
2023,WASHINGTON,WA,53,,,STATE,WHEAT,"SPRING, (EXCL DURUM)",AREA PLANTED,"WHEAT, SPRING, (EXCL DURUM) - ACRES PLANTED",ACRES,440000,
2022,WASHINGTON,WA,53,,,STATE,WHEAT,"SPRING, (EXCL DURUM)",AREA PLANTED,"WHEAT, SPRING, (EXCL DURUM) - ACRES PLANTED",ACRES,475000,
2022,WASHINGTON,WA,53,,,STATE,WHEAT,"SPRING, (EXCL DURUM)",AREA PLANTED,"WHEAT, SPRING, (EXCL DURUM) - ACRES PLANTED",ACRES,470000,
2022,WASHINGTON,WA,53,,,STATE,WHEAT,"SPRING, (EXCL DURUM)",AREA PLANTED,"WHEAT, SPRING, (EXCL DURUM) - ACRES PLANTED",ACRES,490000,
2021,WASHINGTON,WA,53,,,STATE,WHEAT,"SPRING, (EXCL DURUM)",AREA PLANTED,"WHEAT, SPRING, (EXCL DURUM) - ACRES PLANTED",ACRES,580000,
2021,WASHINGTON,WA,53,,,STATE,WHEAT,"SPRING, (EXCL DURUM)",AREA PLANTED,"WHEAT, SPRING, (EXCL DURUM) - ACRES PLANTED",ACRES,560000,
2021,WASHINGTON,WA,53,,,STATE,WHEAT,"SPRING, (EXCL DURUM)",AREA PLANTED,"WHEAT, SPRING, (EXCL DURUM) - ACRES PLANTED",ACRES,580000,
2025,IDAHO,ID,16,,,STATE,WHEAT,"SPRING, (EXCL DURUM)",AREA HARVESTED,"WHEAT, SPRING, (EXCL DURUM) - ACRES HARVESTED",ACRES,420000,
2025,IDAHO,ID,16,,,STATE,WHEAT,"SPRING, (EXCL DURUM)",AREA HARVESTED,"WHEAT, SPRING, (EXCL DURUM) - ACRES HARVESTED",ACRES,400000,
2025,IDAHO,ID,16,,,STATE,WHEAT,"SPRING, (EXCL DURUM)",AREA HARVESTED,"WHEAT, SPRING, (EXCL DURUM) - ACRES HARVESTED",ACRES,380000,
2025,IDAHO,ID,16,,,STATE,WHEAT,"SPRING, (EXCL DURUM)",AREA HARVESTED,"WHEAT, SPRING, (EXCL DURUM) - ACRES HARVESTED",ACRES,380000,
2024,IDAHO,ID,16,,,STATE,WHEAT,"SPRING, (EXCL DURUM)",AREA HARVESTED,"WHEAT, SPRING, (EXCL DURUM) - ACRES HARVESTED",ACRES,435000,
2024,IDAHO,ID,16,,,STATE,WHEAT,"SPRING, (EXCL DURUM)",AREA HARVESTED,"WHEAT, SPRING, (EXCL DURUM) - ACRES HARVESTED",ACRES,440000,
2024,IDAHO,ID,16,,,STATE,WHEAT,"SPRING, (EXCL DURUM)",AREA HARVESTED,"WHEAT, SPRING, (EXCL DURUM) - ACRES HARVESTED",ACRES,440000,
2024,IDAHO,ID,16,,,STATE,WHEAT,"SPRING, (EXCL DURUM)",AREA HARVESTED,"WHEAT, SPRING, (EXCL DURUM) - ACRES HARVESTED",ACRES,440000,
2023,IDAHO,ID,16,,,STATE,WHEAT,"SPRING, (EXCL DURUM)",AREA HARVESTED,"WHEAT, SPRING, (EXCL DURUM) - ACRES HARVESTED",ACRES,395000,
2023,IDAHO,ID,16,,,STATE,WHEAT,"SPRING, (EXCL DURUM)",AREA HARVESTED,"WHEAT, SPRING, (EXCL DURUM) - ACRES HARVESTED",ACRES,375000,
2023,IDAHO,ID,16,,,STATE,WHEAT,"SPRING, (EXCL DURUM)",AREA HARVESTED,"WHEAT, SPRING, (EXCL DURUM) - ACRES HARVESTED",ACRES,375000,
2023,IDAHO,ID,16,,,STATE,WHEAT,"SPRING, (EXCL DURUM)",AREA HARVESTED,"WHEAT, SPRING, (EXCL DURUM) - ACRES HARVESTED",ACRES,375000,
2022,IDAHO,ID,16,,,STATE,WHEAT,"SPRING, (EXCL DURUM)",AREA HARVESTED,"WHEAT, SPRING, (EXCL DURUM) - ACRES HARVESTED",ACRES,360000,
2022,IDAHO,ID,16,,,STATE,WHEAT,"SPRING, (EXCL DURUM)",AREA HARVESTED,"WHEAT, SPRING, (EXCL DURUM) - ACRES HARVESTED",ACRES,450000,
2022,IDAHO,ID,16,,,STATE,WHEAT,"SPRING, (EXCL DURUM)",AREA HARVESTED,"WHEAT, SPRING, (EXCL DURUM) - ACRES HARVESTED",ACRES,450000,
2022,IDAHO,ID,16,,,STATE,WHEAT,"SPRING, (EXCL DURUM)",AREA HARVESTED,"WHEAT, SPRING, (EXCL DURUM) - ACRES HARVESTED",ACRES,450000,
2021,IDAHO,ID,16,,,STATE,WHEAT,"SPRING, (EXCL DURUM)",AREA HARVESTED,"WHEAT, SPRING, (EXCL DURUM) - ACRES HARVESTED",ACRES,485000,
2021,IDAHO,ID,16,,,STATE,WHEAT,"SPRING, (EXCL DURUM)",AREA HARVESTED,"WHEAT, SPRING, (EXCL DURUM) - ACRES HARVESTED",ACRES,495000,
2021,IDAHO,ID,16,,,STATE,WHEAT,"SPRING, (EXCL DURUM)",AREA HARVESTED,"WHEAT, SPRING, (EXCL DURUM) - ACRES HARVESTED",ACRES,495000,
2021,IDAHO,ID,16,,,STATE,WHEAT,"SPRING, (EXCL DURUM)",AREA HARVESTED,"WHEAT, SPRING, (EXCL DURUM) - ACRES HARVESTED",ACRES,495000,
2025,MINNESOTA,MN,27,,,STATE,WHEAT,"SPRING, (EXCL DURUM)",AREA HARVESTED,"WHEAT, SPRING, (EXCL DURUM) - ACRES HARVESTED",ACRES,1100000,
2025,MINNESOTA,MN,27,,,STATE,WHEAT,"SPRING, (EXCL DURUM)",AREA HARVESTED,"WHEAT, SPRING, (EXCL DURUM) - ACRES HARVESTED",ACRES,1100000,
2025,MINNESOTA,MN,27,,,STATE,WHEAT,"SPRING, (EXCL DURUM)",AREA HARVESTED,"WHEAT, SPRING, (EXCL DURUM) - ACRES HARVESTED",ACRES,1160000,
2025,MINNESOTA,MN,27,,,STATE,WHEAT,"SPRING, (EXCL DURUM)",AREA HARVESTED,"WHEAT, SPRING, (EXCL DURUM) - ACRES HARVESTED",ACRES,1160000,
2024,MINNESOTA,MN,27,,,STATE,WHEAT,"SPRING, (EXCL DURUM)",AREA HARVESTED,"WHEAT, SPRING, (EXCL DURUM) - ACRES HARVESTED",ACRES,1180000,
2024,MINNESOTA,MN,27,,,STATE,WHEAT,"SPRING, (EXCL DURUM)",AREA HARVESTED,"WHEAT, SPRING, (EXCL DURUM) - ACRES HARVESTED",ACRES,1180000,
2024,MINNESOTA,MN,27,,,STATE,WHEAT,"SPRING, (EXCL DURUM)",AREA HARVESTED,"WHEAT, SPRING, (EXCL DURUM) - ACRES HARVESTED",ACRES,1500000,
2024,MINNESOTA,MN,27,,,STATE,WHEAT,"SPRING, (EXCL DURUM)",AREA HARVESTED,"WHEAT, SPRING, (EXCL DURUM) - ACRES HARVESTED",ACRES,1500000,
2023,MINNESOTA,MN,27,,,STATE,WHEAT,"SPRING, (EXCL DURUM)",AREA HARVESTED,"WHEAT, SPRING, (EXCL DURUM) - ACRES HARVESTED",ACRES,1260000,
2023,MINNESOTA,MN,27,,,STATE,WHEAT,"SPRING, (EXCL DURUM)",AREA HARVESTED,"WHEAT, SPRING, (EXCL DURUM) - ACRES HARVESTED",ACRES,1220000,
2023,MINNESOTA,MN,27,,,STATE,WHEAT,"SPRING, (EXCL DURUM)",AREA HARVESTED,"WHEAT, SPRING, (EXCL DURUM) - ACRES HARVESTED",ACRES,1100000,
2023,MINNESOTA,MN,27,,,STATE,WHEAT,"SPRING, (EXCL DURUM)",AREA HARVESTED,"WHEAT, SPRING, (EXCL DURUM) - ACRES HARVESTED",ACRES,1100000,
2022,MINNESOTA,MN,27,,,STATE,WHEAT,"SPRING, (EXCL DURUM)",AREA HARVESTED,"WHEAT, SPRING, (EXCL DURUM) - ACRES HARVESTED",ACRES,1210000,
2022,MINNESOTA,MN,27,,,STATE,WHEAT,"SPRING, (EXCL DURUM)",AREA HARVESTED,"WHEAT, SPRING, (EXCL DURUM) - ACRES HARVESTED",ACRES,1160000,
2022,MINNESOTA,MN,27,,,STATE,WHEAT,"SPRING, (EXCL DURUM)",AREA HARVESTED,"WHEAT, SPRING, (EXCL DURUM) - ACRES HARVESTED",ACRES,1160000,
2022,MINNESOTA,MN,27,,,STATE,WHEAT,"SPRING, (EXCL DURUM)",AREA HARVESTED,"WHEAT, SPRING, (EXCL DURUM) - ACRES HARVESTED",ACRES,1160000,
2021,MINNESOTA,MN,27,,,STATE,WHEAT,"SPRING, (EXCL DURUM)",AREA HARVESTED,"WHEAT, SPRING, (EXCL DURUM) - ACRES HARVESTED",ACRES,1160000,
2021,MINNESOTA,MN,27,,,STATE,WHEAT,"SPRING, (EXCL DURUM)",AREA HARVESTED,"WHEAT, SPRING, (EXCL DURUM) - ACRES HARVESTED",ACRES,1180000,
2021,MINNESOTA,MN,27,,,STATE,WHEAT,"SPRING, (EXCL DURUM)",AREA HARVESTED,"WHEAT, SPRING, (EXCL DURUM) - ACRES HARVESTED",ACRES,1180000,
2021,MINNESOTA,MN,27,,,STATE,WHEAT,"SPRING, (EXCL DURUM)",AREA HARVESTED,"WHEAT, SPRING, (EXCL DURUM) - ACRES HARVESTED",ACRES,1180000,
2025,MONTANA,MT,30,,,STATE,WHEAT,"SPRING, (EXCL DURUM)",AREA HARVESTED,"WHEAT, SPRING, (EXCL DURUM) - ACRES HARVESTED",ACRES,1950000,
2025,MONTANA,MT,30,,,STATE,WHEAT,"SPRING, (EXCL DURUM)",AREA HARVESTED,"WHEAT, SPRING, (EXCL DURUM) - ACRES HARVESTED",ACRES,2110000,
2025,MONTANA,MT,30,,,STATE,WHEAT,"SPRING, (EXCL DURUM)",AREA HARVESTED,"WHEAT, SPRING, (EXCL DURUM) - ACRES HARVESTED",ACRES,2210000,
2025,MONTANA,MT,30,,,STATE,WHEAT,"SPRING, (EXCL DURUM)",AREA HARVESTED,"WHEAT, SPRING, (EXCL DURUM) - ACRES HARVESTED",ACRES,2210000,
2024,MONTANA,MT,30,,,STATE,WHEAT,"SPRING, (EXCL DURUM)",AREA HARVESTED,"WHEAT, SPRING, (EXCL DURUM) - ACRES HARVESTED",ACRES,2390000,
2024,MONTANA,MT,30,,,STATE,WHEAT,"SPRING, (EXCL DURUM)",AREA HARVESTED,"WHEAT, SPRING, (EXCL DURUM) - ACRES HARVESTED",ACRES,2330000,
2024,MONTANA,MT,30,,,STATE,WHEAT,"SPRING, (EXCL DURUM)",AREA HARVESTED,"WHEAT, SPRING, (EXCL DURUM) - ACRES HARVESTED",ACRES,2330000,
2024,MONTANA,MT,30,,,STATE,WHEAT,"SPRING, (EXCL DURUM)",AREA HARVESTED,"WHEAT, SPRING, (EXCL DURUM) - ACRES HARVESTED",ACRES,2330000,
2023,MONTANA,MT,30,,,STATE,WHEAT,"SPRING, (EXCL DURUM)",AREA HARVESTED,"WHEAT, SPRING, (EXCL DURUM) - ACRES HARVESTED",ACRES,2630000,
2023,MONTANA,MT,30,,,STATE,WHEAT,"SPRING, (EXCL DURUM)",AREA HARVESTED,"WHEAT, SPRING, (EXCL DURUM) - ACRES HARVESTED",ACRES,2550000,
2023,MONTANA,MT,30,,,STATE,WHEAT,"SPRING, (EXCL DURUM)",AREA HARVESTED,"WHEAT, SPRING, (EXCL DURUM) - ACRES HARVESTED",ACRES,2550000,
2023,MONTANA,MT,30,,,STATE,WHEAT,"SPRING, (EXCL DURUM)",AREA HARVESTED,"WHEAT, SPRING, (EXCL DURUM) - ACRES HARVESTED",ACRES,2550000,
2022,MONTANA,MT,30,,,STATE,WHEAT,"SPRING, (EXCL DURUM)",AREA HARVESTED,"WHEAT, SPRING, (EXCL DURUM) - ACRES HARVESTED",ACRES,2440000,
2022,MONTANA,MT,30,,,STATE,WHEAT,"SPRING, (EXCL DURUM)",AREA HARVESTED,"WHEAT, SPRING, (EXCL DURUM) - ACRES HARVESTED",ACRES,2650000,
2022,MONTANA,MT,30,,,STATE,WHEAT,"SPRING, (EXCL DURUM)",AREA HARVESTED,"WHEAT, SPRING, (EXCL DURUM) - ACRES HARVESTED",ACRES,2650000,
2022,MONTANA,MT,30,,,STATE,WHEAT,"SPRING, (EXCL DURUM)",AREA HARVESTED,"WHEAT, SPRING, (EXCL DURUM) - ACRES HARVESTED",ACRES,2650000,
2021,MONTANA,MT,30,,,STATE,WHEAT,"SPRING, (EXCL DURUM)",AREA HARVESTED,"WHEAT, SPRING, (EXCL DURUM) - ACRES HARVESTED",ACRES,2180000,
2021,MONTANA,MT,30,,,STATE,WHEAT,"SPRING, (EXCL DURUM)",AREA HARVESTED,"WHEAT, SPRING, (EXCL DURUM) - ACRES HARVESTED",ACRES,2550000,
2021,MONTANA,MT,30,,,STATE,WHEAT,"SPRING, (EXCL DURUM)",AREA HARVESTED,"WHEAT, SPRING, (EXCL DURUM) - ACRES HARVESTED",ACRES,2550000,
2021,MONTANA,MT,30,,,STATE,WHEAT,"SPRING, (EXCL DURUM)",AREA HARVESTED,"WHEAT, SPRING, (EXCL DURUM) - ACRES HARVESTED",ACRES,2550000,
2025,NORTH DAKOTA,ND,38,,,STATE,WHEAT,"SPRING, (EXCL DURUM)",AREA HARVESTED,"WHEAT, SPRING, (EXCL DURUM) - ACRES HARVESTED",ACRES,5030000,
2025,NORTH DAKOTA,ND,38,,,STATE,WHEAT,"SPRING, (EXCL DURUM)",AREA HARVESTED,"WHEAT, SPRING, (EXCL DURUM) - ACRES HARVESTED",ACRES,5000000,
2025,NORTH DAKOTA,ND,38,,,STATE,WHEAT,"SPRING, (EXCL DURUM)",AREA HARVESTED,"WHEAT, SPRING, (EXCL DURUM) - ACRES HARVESTED",ACRES,4900000,
2025,NORTH DAKOTA,ND,38,,,STATE,WHEAT,"SPRING, (EXCL DURUM)",AREA HARVESTED,"WHEAT, SPRING, (EXCL DURUM) - ACRES HARVESTED",ACRES,4900000,
2024,NORTH DAKOTA,ND,38,,,STATE,WHEAT,"SPRING, (EXCL DURUM)",AREA HARVESTED,"WHEAT, SPRING, (EXCL DURUM) - ACRES HARVESTED",ACRES,5260000,
2024,NORTH DAKOTA,ND,38,,,STATE,WHEAT,"SPRING, (EXCL DURUM)",AREA HARVESTED,"WHEAT, SPRING, (EXCL DURUM) - ACRES HARVESTED",ACRES,5260000,
2024,NORTH DAKOTA,ND,38,,,STATE,WHEAT,"SPRING, (EXCL DURUM)",AREA HARVESTED,"WHEAT, SPRING, (EXCL DURUM) - ACRES HARVESTED",ACRES,5460000,
2024,NORTH DAKOTA,ND,38,,,STATE,WHEAT,"SPRING, (EXCL DURUM)",AREA HARVESTED,"WHEAT, SPRING, (EXCL DURUM) - ACRES HARVESTED",ACRES,5460000,
2023,NORTH DAKOTA,ND,38,,,STATE,WHEAT,"SPRING, (EXCL DURUM)",AREA HARVESTED,"WHEAT, SPRING, (EXCL DURUM) - ACRES HARVESTED",ACRES,5490000,
2023,NORTH DAKOTA,ND,38,,,STATE,WHEAT,"SPRING, (EXCL DURUM)",AREA HARVESTED,"WHEAT, SPRING, (EXCL DURUM) - ACRES HARVESTED",ACRES,5430000,
2023,NORTH DAKOTA,ND,38,,,STATE,WHEAT,"SPRING, (EXCL DURUM)",AREA HARVESTED,"WHEAT, SPRING, (EXCL DURUM) - ACRES HARVESTED",ACRES,5430000,
2023,NORTH DAKOTA,ND,38,,,STATE,WHEAT,"SPRING, (EXCL DURUM)",AREA HARVESTED,"WHEAT, SPRING, (EXCL DURUM) - ACRES HARVESTED",ACRES,5430000,
2022,NORTH DAKOTA,ND,38,,,STATE,WHEAT,"SPRING, (EXCL DURUM)",AREA HARVESTED,"WHEAT, SPRING, (EXCL DURUM) - ACRES HARVESTED",ACRES,5260000,
2022,NORTH DAKOTA,ND,38,,,STATE,WHEAT,"SPRING, (EXCL DURUM)",AREA HARVESTED,"WHEAT, SPRING, (EXCL DURUM) - ACRES HARVESTED",ACRES,5250000,
2022,NORTH DAKOTA,ND,38,,,STATE,WHEAT,"SPRING, (EXCL DURUM)",AREA HARVESTED,"WHEAT, SPRING, (EXCL DURUM) - ACRES HARVESTED",ACRES,5250000,
2022,NORTH DAKOTA,ND,38,,,STATE,WHEAT,"SPRING, (EXCL DURUM)",AREA HARVESTED,"WHEAT, SPRING, (EXCL DURUM) - ACRES HARVESTED",ACRES,5250000,
2021,NORTH DAKOTA,ND,38,,,STATE,WHEAT,"SPRING, (EXCL DURUM)",AREA HARVESTED,"WHEAT, SPRING, (EXCL DURUM) - ACRES HARVESTED",ACRES,5210000,
2021,NORTH DAKOTA,ND,38,,,STATE,WHEAT,"SPRING, (EXCL DURUM)",AREA HARVESTED,"WHEAT, SPRING, (EXCL DURUM) - ACRES HARVESTED",ACRES,5750000,
2021,NORTH DAKOTA,ND,38,,,STATE,WHEAT,"SPRING, (EXCL DURUM)",AREA HARVESTED,"WHEAT, SPRING, (EXCL DURUM) - ACRES HARVESTED",ACRES,5750000,
2021,NORTH DAKOTA,ND,38,,,STATE,WHEAT,"SPRING, (EXCL DURUM)",AREA HARVESTED,"WHEAT, SPRING, (EXCL DURUM) - ACRES HARVESTED",ACRES,5750000,
2025,SOUTH DAKOTA,SD,46,,,STATE,WHEAT,"SPRING, (EXCL DURUM)",AREA HARVESTED,"WHEAT, SPRING, (EXCL DURUM) - ACRES HARVESTED",ACRES,640000,
2025,SOUTH DAKOTA,SD,46,,,STATE,WHEAT,"SPRING, (EXCL DURUM)",AREA HARVESTED,"WHEAT, SPRING, (EXCL DURUM) - ACRES HARVESTED",ACRES,630000,
2025,SOUTH DAKOTA,SD,46,,,STATE,WHEAT,"SPRING, (EXCL DURUM)",AREA HARVESTED,"WHEAT, SPRING, (EXCL DURUM) - ACRES HARVESTED",ACRES,630000,
2025,SOUTH DAKOTA,SD,46,,,STATE,WHEAT,"SPRING, (EXCL DURUM)",AREA HARVESTED,"WHEAT, SPRING, (EXCL DURUM) - ACRES HARVESTED",ACRES,630000,
2024,SOUTH DAKOTA,SD,46,,,STATE,WHEAT,"SPRING, (EXCL DURUM)",AREA HARVESTED,"WHEAT, SPRING, (EXCL DURUM) - ACRES HARVESTED",ACRES,635000,
2024,SOUTH DAKOTA,SD,46,,,STATE,WHEAT,"SPRING, (EXCL DURUM)",AREA HARVESTED,"WHEAT, SPRING, (EXCL DURUM) - ACRES HARVESTED",ACRES,630000,
2024,SOUTH DAKOTA,SD,46,,,STATE,WHEAT,"SPRING, (EXCL DURUM)",AREA HARVESTED,"WHEAT, SPRING, (EXCL DURUM) - ACRES HARVESTED",ACRES,670000,
2024,SOUTH DAKOTA,SD,46,,,STATE,WHEAT,"SPRING, (EXCL DURUM)",AREA HARVESTED,"WHEAT, SPRING, (EXCL DURUM) - ACRES HARVESTED",ACRES,670000,
2023,SOUTH DAKOTA,SD,46,,,STATE,WHEAT,"SPRING, (EXCL DURUM)",AREA HARVESTED,"WHEAT, SPRING, (EXCL DURUM) - ACRES HARVESTED",ACRES,650000,
2023,SOUTH DAKOTA,SD,46,,,STATE,WHEAT,"SPRING, (EXCL DURUM)",AREA HARVESTED,"WHEAT, SPRING, (EXCL DURUM) - ACRES HARVESTED",ACRES,700000,
2023,SOUTH DAKOTA,SD,46,,,STATE,WHEAT,"SPRING, (EXCL DURUM)",AREA HARVESTED,"WHEAT, SPRING, (EXCL DURUM) - ACRES HARVESTED",ACRES,700000,
2023,SOUTH DAKOTA,SD,46,,,STATE,WHEAT,"SPRING, (EXCL DURUM)",AREA HARVESTED,"WHEAT, SPRING, (EXCL DURUM) - ACRES HARVESTED",ACRES,700000,
2022,SOUTH DAKOTA,SD,46,,,STATE,WHEAT,"SPRING, (EXCL DURUM)",AREA HARVESTED,"WHEAT, SPRING, (EXCL DURUM) - ACRES HARVESTED",ACRES,710000,
2022,SOUTH DAKOTA,SD,46,,,STATE,WHEAT,"SPRING, (EXCL DURUM)",AREA HARVESTED,"WHEAT, SPRING, (EXCL DURUM) - ACRES HARVESTED",ACRES,730000,
2022,SOUTH DAKOTA,SD,46,,,STATE,WHEAT,"SPRING, (EXCL DURUM)",AREA HARVESTED,"WHEAT, SPRING, (EXCL DURUM) - ACRES HARVESTED",ACRES,730000,
2022,SOUTH DAKOTA,SD,46,,,STATE,WHEAT,"SPRING, (EXCL DURUM)",AREA HARVESTED,"WHEAT, SPRING, (EXCL DURUM) - ACRES HARVESTED",ACRES,730000,
2021,SOUTH DAKOTA,SD,46,,,STATE,WHEAT,"SPRING, (EXCL DURUM)",AREA HARVESTED,"WHEAT, SPRING, (EXCL DURUM) - ACRES HARVESTED",ACRES,580000,
2021,SOUTH DAKOTA,SD,46,,,STATE,WHEAT,"SPRING, (EXCL DURUM)",AREA HARVESTED,"WHEAT, SPRING, (EXCL DURUM) - ACRES HARVESTED",ACRES,700000,
2021,SOUTH DAKOTA,SD,46,,,STATE,WHEAT,"SPRING, (EXCL DURUM)",AREA HARVESTED,"WHEAT, SPRING, (EXCL DURUM) - ACRES HARVESTED",ACRES,700000,
2021,SOUTH DAKOTA,SD,46,,,STATE,WHEAT,"SPRING, (EXCL DURUM)",AREA HARVESTED,"WHEAT, SPRING, (EXCL DURUM) - ACRES HARVESTED",ACRES,700000,
2025,WASHINGTON,WA,53,,,STATE,WHEAT,"SPRING, (EXCL DURUM)",AREA HARVESTED,"WHEAT, SPRING, (EXCL DURUM) - ACRES HARVESTED",ACRES,470000,
2025,WASHINGTON,WA,53,,,STATE,WHEAT,"SPRING, (EXCL DURUM)",AREA HARVESTED,"WHEAT, SPRING, (EXCL DURUM) - ACRES HARVESTED",ACRES,450000,
2025,WASHINGTON,WA,53,,,STATE,WHEAT,"SPRING, (EXCL DURUM)",AREA HARVESTED,"WHEAT, SPRING, (EXCL DURUM) - ACRES HARVESTED",ACRES,465000,
2025,WASHINGTON,WA,53,,,STATE,WHEAT,"SPRING, (EXCL DURUM)",AREA HARVESTED,"WHEAT, SPRING, (EXCL DURUM) - ACRES HARVESTED",ACRES,465000,
2024,WASHINGTON,WA,53,,,STATE,WHEAT,"SPRING, (EXCL DURUM)",AREA HARVESTED,"WHEAT, SPRING, (EXCL DURUM) - ACRES HARVESTED",ACRES,490000,
2024,WASHINGTON,WA,53,,,STATE,WHEAT,"SPRING, (EXCL DURUM)",AREA HARVESTED,"WHEAT, SPRING, (EXCL DURUM) - ACRES HARVESTED",ACRES,490000,
2024,WASHINGTON,WA,53,,,STATE,WHEAT,"SPRING, (EXCL DURUM)",AREA HARVESTED,"WHEAT, SPRING, (EXCL DURUM) - ACRES HARVESTED",ACRES,485000,
2024,WASHINGTON,WA,53,,,STATE,WHEAT,"SPRING, (EXCL DURUM)",AREA HARVESTED,"WHEAT, SPRING, (EXCL DURUM) - ACRES HARVESTED",ACRES,485000,
2023,WASHINGTON,WA,53,,,STATE,WHEAT,"SPRING, (EXCL DURUM)",AREA HARVESTED,"WHEAT, SPRING, (EXCL DURUM) - ACRES HARVESTED",ACRES,490000,
2023,WASHINGTON,WA,53,,,STATE,WHEAT,"SPRING, (EXCL DURUM)",AREA HARVESTED,"WHEAT, SPRING, (EXCL DURUM) - ACRES HARVESTED",ACRES,485000,
2023,WASHINGTON,WA,53,,,STATE,WHEAT,"SPRING, (EXCL DURUM)",AREA HARVESTED,"WHEAT, SPRING, (EXCL DURUM) - ACRES HARVESTED",ACRES,440000,
2023,WASHINGTON,WA,53,,,STATE,WHEAT,"SPRING, (EXCL DURUM)",AREA HARVESTED,"WHEAT, SPRING, (EXCL DURUM) - ACRES HARVESTED",ACRES,440000,
2022,WASHINGTON,WA,53,,,STATE,WHEAT,"SPRING, (EXCL DURUM)",AREA HARVESTED,"WHEAT, SPRING, (EXCL DURUM) - ACRES HARVESTED",ACRES,470000,
2022,WASHINGTON,WA,53,,,STATE,WHEAT,"SPRING, (EXCL DURUM)",AREA HARVESTED,"WHEAT, SPRING, (EXCL DURUM) - ACRES HARVESTED",ACRES,465000,
2022,WASHINGTON,WA,53,,,STATE,WHEAT,"SPRING, (EXCL DURUM)",AREA HARVESTED,"WHEAT, SPRING, (EXCL DURUM) - ACRES HARVESTED",ACRES,465000,
2022,WASHINGTON,WA,53,,,STATE,WHEAT,"SPRING, (EXCL DURUM)",AREA HARVESTED,"WHEAT, SPRING, (EXCL DURUM) - ACRES HARVESTED",ACRES,465000,
2021,WASHINGTON,WA,53,,,STATE,WHEAT,"SPRING, (EXCL DURUM)",AREA HARVESTED,"WHEAT, SPRING, (EXCL DURUM) - ACRES HARVESTED",ACRES,540000,
2021,WASHINGTON,WA,53,,,STATE,WHEAT,"SPRING, (EXCL DURUM)",AREA HARVESTED,"WHEAT, SPRING, (EXCL DURUM) - ACRES HARVESTED",ACRES,540000,
2021,WASHINGTON,WA,53,,,STATE,WHEAT,"SPRING, (EXCL DURUM)",AREA HARVESTED,"WHEAT, SPRING, (EXCL DURUM) - ACRES HARVESTED",ACRES,540000,
2021,WASHINGTON,WA,53,,,STATE,WHEAT,"SPRING, (EXCL DURUM)",AREA HARVESTED,"WHEAT, SPRING, (EXCL DURUM) - ACRES HARVESTED",ACRES,540000,
2025,IDAHO,ID,16,,,STATE,WHEAT,"SPRING, (EXCL DURUM)",PRODUCTION,"WHEAT, SPRING, (EXCL DURUM) - PRODUCTION, MEASURED IN $",$,186984000,
2024,IDAHO,ID,16,,,STATE,WHEAT,"SPRING, (EXCL DURUM)",PRODUCTION,"WHEAT, SPRING, (EXCL DURUM) - PRODUCTION, MEASURED IN $",$,220676000,
2023,IDAHO,ID,16,,,STATE,WHEAT,"SPRING, (EXCL DURUM)",PRODUCTION,"WHEAT, SPRING, (EXCL DURUM) - PRODUCTION, MEASURED IN $",$,227702000,
2022,IDAHO,ID,16,,,STATE,WHEAT,"SPRING, (EXCL DURUM)",PRODUCTION,"WHEAT, SPRING, (EXCL DURUM) - PRODUCTION, MEASURED IN $",$,239112000,
2021,IDAHO,ID,16,,,STATE,WHEAT,"SPRING, (EXCL DURUM)",PRODUCTION,"WHEAT, SPRING, (EXCL DURUM) - PRODUCTION, MEASURED IN $",$,216635000,
2025,MINNESOTA,MN,27,,,STATE,WHEAT,"SPRING, (EXCL DURUM)",PRODUCTION,"WHEAT, SPRING, (EXCL DURUM) - PRODUCTION, MEASURED IN $",$,379500000,
2024,MINNESOTA,MN,27,,,STATE,WHEAT,"SPRING, (EXCL DURUM)",PRODUCTION,"WHEAT, SPRING, (EXCL DURUM) - PRODUCTION, MEASURED IN $",$,457498000,
2023,MINNESOTA,MN,27,,,STATE,WHEAT,"SPRING, (EXCL DURUM)",PRODUCTION,"WHEAT, SPRING, (EXCL DURUM) - PRODUCTION, MEASURED IN $",$,559339000,
2022,MINNESOTA,MN,27,,,STATE,WHEAT,"SPRING, (EXCL DURUM)",PRODUCTION,"WHEAT, SPRING, (EXCL DURUM) - PRODUCTION, MEASURED IN $",$,675362000,
2021,MINNESOTA,MN,27,,,STATE,WHEAT,"SPRING, (EXCL DURUM)",PRODUCTION,"WHEAT, SPRING, (EXCL DURUM) - PRODUCTION, MEASURED IN $",$,496666000,
2025,MONTANA,MT,30,,,STATE,WHEAT,"SPRING, (EXCL DURUM)",PRODUCTION,"WHEAT, SPRING, (EXCL DURUM) - PRODUCTION, MEASURED IN $",$,311025000,
2024,MONTANA,MT,30,,,STATE,WHEAT,"SPRING, (EXCL DURUM)",PRODUCTION,"WHEAT, SPRING, (EXCL DURUM) - PRODUCTION, MEASURED IN $",$,382782000,
2023,MONTANA,MT,30,,,STATE,WHEAT,"SPRING, (EXCL DURUM)",PRODUCTION,"WHEAT, SPRING, (EXCL DURUM) - PRODUCTION, MEASURED IN $",$,573603000,
2022,MONTANA,MT,30,,,STATE,WHEAT,"SPRING, (EXCL DURUM)",PRODUCTION,"WHEAT, SPRING, (EXCL DURUM) - PRODUCTION, MEASURED IN $",$,550830000,
2021,MONTANA,MT,30,,,STATE,WHEAT,"SPRING, (EXCL DURUM)",PRODUCTION,"WHEAT, SPRING, (EXCL DURUM) - PRODUCTION, MEASURED IN $",$,329463000,
2025,NORTH DAKOTA,ND,38,,,STATE,WHEAT,"SPRING, (EXCL DURUM)",PRODUCTION,"WHEAT, SPRING, (EXCL DURUM) - PRODUCTION, MEASURED IN $",$,1397083000,
2024,NORTH DAKOTA,ND,38,,,STATE,WHEAT,"SPRING, (EXCL DURUM)",PRODUCTION,"WHEAT, SPRING, (EXCL DURUM) - PRODUCTION, MEASURED IN $",$,1722387000,
2023,NORTH DAKOTA,ND,38,,,STATE,WHEAT,"SPRING, (EXCL DURUM)",PRODUCTION,"WHEAT, SPRING, (EXCL DURUM) - PRODUCTION, MEASURED IN $",$,1855867000,
2022,NORTH DAKOTA,ND,38,,,STATE,WHEAT,"SPRING, (EXCL DURUM)",PRODUCTION,"WHEAT, SPRING, (EXCL DURUM) - PRODUCTION, MEASURED IN $",$,2298620000,
2021,NORTH DAKOTA,ND,38,,,STATE,WHEAT,"SPRING, (EXCL DURUM)",PRODUCTION,"WHEAT, SPRING, (EXCL DURUM) - PRODUCTION, MEASURED IN $",$,1539399000,
2025,SOUTH DAKOTA,SD,46,,,STATE,WHEAT,"SPRING, (EXCL DURUM)",PRODUCTION,"WHEAT, SPRING, (EXCL DURUM) - PRODUCTION, MEASURED IN $",$,163200000,
2024,SOUTH DAKOTA,SD,46,,,STATE,WHEAT,"SPRING, (EXCL DURUM)",PRODUCTION,"WHEAT, SPRING, (EXCL DURUM) - PRODUCTION, MEASURED IN $",$,171755000,
2023,SOUTH DAKOTA,SD,46,,,STATE,WHEAT,"SPRING, (EXCL DURUM)",PRODUCTION,"WHEAT, SPRING, (EXCL DURUM) - PRODUCTION, MEASURED IN $",$,190619000,
2022,SOUTH DAKOTA,SD,46,,,STATE,WHEAT,"SPRING, (EXCL DURUM)",PRODUCTION,"WHEAT, SPRING, (EXCL DURUM) - PRODUCTION, MEASURED IN $",$,296837000,
2021,SOUTH DAKOTA,SD,46,,,STATE,WHEAT,"SPRING, (EXCL DURUM)",PRODUCTION,"WHEAT, SPRING, (EXCL DURUM) - PRODUCTION, MEASURED IN $",$,148689000,
2025,WASHINGTON,WA,53,,,STATE,WHEAT,"SPRING, (EXCL DURUM)",PRODUCTION,"WHEAT, SPRING, (EXCL DURUM) - PRODUCTION, MEASURED IN $",$,101661000,
2024,WASHINGTON,WA,53,,,STATE,WHEAT,"SPRING, (EXCL DURUM)",PRODUCTION,"WHEAT, SPRING, (EXCL DURUM) - PRODUCTION, MEASURED IN $",$,113778000,
2023,WASHINGTON,WA,53,,,STATE,WHEAT,"SPRING, (EXCL DURUM)",PRODUCTION,"WHEAT, SPRING, (EXCL DURUM) - PRODUCTION, MEASURED IN $",$,117492000,
2022,WASHINGTON,WA,53,,,STATE,WHEAT,"SPRING, (EXCL DURUM)",PRODUCTION,"WHEAT, SPRING, (EXCL DURUM) - PRODUCTION, MEASURED IN $",$,177500000,
2021,WASHINGTON,WA,53,,,STATE,WHEAT,"SPRING, (EXCL DURUM)",PRODUCTION,"WHEAT, SPRING, (EXCL DURUM) - PRODUCTION, MEASURED IN $",$,144990000,
2025,IDAHO,ID,16,,,STATE,WHEAT,"SPRING, (EXCL DURUM)",PRODUCTION,"WHEAT, SPRING, (EXCL DURUM) - PRODUCTION, MEASURED IN BU",BU,35280000,
2025,IDAHO,ID,16,,,STATE,WHEAT,"SPRING, (EXCL DURUM)",PRODUCTION,"WHEAT, SPRING, (EXCL DURUM) - PRODUCTION, MEASURED IN BU",BU,33600000,
2025,IDAHO,ID,16,,,STATE,WHEAT,"SPRING, (EXCL DURUM)",PRODUCTION,"WHEAT, SPRING, (EXCL DURUM) - PRODUCTION, MEASURED IN BU",BU,30020000,
2024,IDAHO,ID,16,,,STATE,WHEAT,"SPRING, (EXCL DURUM)",PRODUCTION,"WHEAT, SPRING, (EXCL DURUM) - PRODUCTION, MEASURED IN BU",BU,38715000,
2024,IDAHO,ID,16,,,STATE,WHEAT,"SPRING, (EXCL DURUM)",PRODUCTION,"WHEAT, SPRING, (EXCL DURUM) - PRODUCTION, MEASURED IN BU",BU,38280000,
2024,IDAHO,ID,16,,,STATE,WHEAT,"SPRING, (EXCL DURUM)",PRODUCTION,"WHEAT, SPRING, (EXCL DURUM) - PRODUCTION, MEASURED IN BU",BU,38280000,
2023,IDAHO,ID,16,,,STATE,WHEAT,"SPRING, (EXCL DURUM)",PRODUCTION,"WHEAT, SPRING, (EXCL DURUM) - PRODUCTION, MEASURED IN BU",BU,32390000,
2023,IDAHO,ID,16,,,STATE,WHEAT,"SPRING, (EXCL DURUM)",PRODUCTION,"WHEAT, SPRING, (EXCL DURUM) - PRODUCTION, MEASURED IN BU",BU,30000000,
2023,IDAHO,ID,16,,,STATE,WHEAT,"SPRING, (EXCL DURUM)",PRODUCTION,"WHEAT, SPRING, (EXCL DURUM) - PRODUCTION, MEASURED IN BU",BU,31500000,
2022,IDAHO,ID,16,,,STATE,WHEAT,"SPRING, (EXCL DURUM)",PRODUCTION,"WHEAT, SPRING, (EXCL DURUM) - PRODUCTION, MEASURED IN BU",BU,29160000,
2022,IDAHO,ID,16,,,STATE,WHEAT,"SPRING, (EXCL DURUM)",PRODUCTION,"WHEAT, SPRING, (EXCL DURUM) - PRODUCTION, MEASURED IN BU",BU,42300000,
2022,IDAHO,ID,16,,,STATE,WHEAT,"SPRING, (EXCL DURUM)",PRODUCTION,"WHEAT, SPRING, (EXCL DURUM) - PRODUCTION, MEASURED IN BU",BU,41400000,
2021,IDAHO,ID,16,,,STATE,WHEAT,"SPRING, (EXCL DURUM)",PRODUCTION,"WHEAT, SPRING, (EXCL DURUM) - PRODUCTION, MEASURED IN BU",BU,30555000,
2021,IDAHO,ID,16,,,STATE,WHEAT,"SPRING, (EXCL DURUM)",PRODUCTION,"WHEAT, SPRING, (EXCL DURUM) - PRODUCTION, MEASURED IN BU",BU,34650000,
2021,IDAHO,ID,16,,,STATE,WHEAT,"SPRING, (EXCL DURUM)",PRODUCTION,"WHEAT, SPRING, (EXCL DURUM) - PRODUCTION, MEASURED IN BU",BU,35145000,
2025,MINNESOTA,MN,27,,,STATE,WHEAT,"SPRING, (EXCL DURUM)",PRODUCTION,"WHEAT, SPRING, (EXCL DURUM) - PRODUCTION, MEASURED IN BU",BU,75900000,
2025,MINNESOTA,MN,27,,,STATE,WHEAT,"SPRING, (EXCL DURUM)",PRODUCTION,"WHEAT, SPRING, (EXCL DURUM) - PRODUCTION, MEASURED IN BU",BU,74800000,
2025,MINNESOTA,MN,27,,,STATE,WHEAT,"SPRING, (EXCL DURUM)",PRODUCTION,"WHEAT, SPRING, (EXCL DURUM) - PRODUCTION, MEASURED IN BU",BU,80040000,
2024,MINNESOTA,MN,27,,,STATE,WHEAT,"SPRING, (EXCL DURUM)",PRODUCTION,"WHEAT, SPRING, (EXCL DURUM) - PRODUCTION, MEASURED IN BU",BU,80830000,
2024,MINNESOTA,MN,27,,,STATE,WHEAT,"SPRING, (EXCL DURUM)",PRODUCTION,"WHEAT, SPRING, (EXCL DURUM) - PRODUCTION, MEASURED IN BU",BU,79060000,
2024,MINNESOTA,MN,27,,,STATE,WHEAT,"SPRING, (EXCL DURUM)",PRODUCTION,"WHEAT, SPRING, (EXCL DURUM) - PRODUCTION, MEASURED IN BU",BU,94500000,
2023,MINNESOTA,MN,27,,,STATE,WHEAT,"SPRING, (EXCL DURUM)",PRODUCTION,"WHEAT, SPRING, (EXCL DURUM) - PRODUCTION, MEASURED IN BU",BU,78120000,
2023,MINNESOTA,MN,27,,,STATE,WHEAT,"SPRING, (EXCL DURUM)",PRODUCTION,"WHEAT, SPRING, (EXCL DURUM) - PRODUCTION, MEASURED IN BU",BU,61000000,
2023,MINNESOTA,MN,27,,,STATE,WHEAT,"SPRING, (EXCL DURUM)",PRODUCTION,"WHEAT, SPRING, (EXCL DURUM) - PRODUCTION, MEASURED IN BU",BU,59400000,
2022,MINNESOTA,MN,27,,,STATE,WHEAT,"SPRING, (EXCL DURUM)",PRODUCTION,"WHEAT, SPRING, (EXCL DURUM) - PRODUCTION, MEASURED IN BU",BU,73810000,
2022,MINNESOTA,MN,27,,,STATE,WHEAT,"SPRING, (EXCL DURUM)",PRODUCTION,"WHEAT, SPRING, (EXCL DURUM) - PRODUCTION, MEASURED IN BU",BU,64960000,
2022,MINNESOTA,MN,27,,,STATE,WHEAT,"SPRING, (EXCL DURUM)",PRODUCTION,"WHEAT, SPRING, (EXCL DURUM) - PRODUCTION, MEASURED IN BU",BU,61480000,
2021,MINNESOTA,MN,27,,,STATE,WHEAT,"SPRING, (EXCL DURUM)",PRODUCTION,"WHEAT, SPRING, (EXCL DURUM) - PRODUCTION, MEASURED IN BU",BU,55680000,
2021,MINNESOTA,MN,27,,,STATE,WHEAT,"SPRING, (EXCL DURUM)",PRODUCTION,"WHEAT, SPRING, (EXCL DURUM) - PRODUCTION, MEASURED IN BU",BU,49560000,
2021,MINNESOTA,MN,27,,,STATE,WHEAT,"SPRING, (EXCL DURUM)",PRODUCTION,"WHEAT, SPRING, (EXCL DURUM) - PRODUCTION, MEASURED IN BU",BU,47200000,
2025,MONTANA,MT,30,,,STATE,WHEAT,"SPRING, (EXCL DURUM)",PRODUCTION,"WHEAT, SPRING, (EXCL DURUM) - PRODUCTION, MEASURED IN BU",BU,56550000,
2025,MONTANA,MT,30,,,STATE,WHEAT,"SPRING, (EXCL DURUM)",PRODUCTION,"WHEAT, SPRING, (EXCL DURUM) - PRODUCTION, MEASURED IN BU",BU,52750000,
2025,MONTANA,MT,30,,,STATE,WHEAT,"SPRING, (EXCL DURUM)",PRODUCTION,"WHEAT, SPRING, (EXCL DURUM) - PRODUCTION, MEASURED IN BU",BU,53040000,
2024,MONTANA,MT,30,,,STATE,WHEAT,"SPRING, (EXCL DURUM)",PRODUCTION,"WHEAT, SPRING, (EXCL DURUM) - PRODUCTION, MEASURED IN BU",BU,62140000,
2024,MONTANA,MT,30,,,STATE,WHEAT,"SPRING, (EXCL DURUM)",PRODUCTION,"WHEAT, SPRING, (EXCL DURUM) - PRODUCTION, MEASURED IN BU",BU,76890000,
2024,MONTANA,MT,30,,,STATE,WHEAT,"SPRING, (EXCL DURUM)",PRODUCTION,"WHEAT, SPRING, (EXCL DURUM) - PRODUCTION, MEASURED IN BU",BU,81550000,
2023,MONTANA,MT,30,,,STATE,WHEAT,"SPRING, (EXCL DURUM)",PRODUCTION,"WHEAT, SPRING, (EXCL DURUM) - PRODUCTION, MEASURED IN BU",BU,78900000,
2023,MONTANA,MT,30,,,STATE,WHEAT,"SPRING, (EXCL DURUM)",PRODUCTION,"WHEAT, SPRING, (EXCL DURUM) - PRODUCTION, MEASURED IN BU",BU,71400000,
2023,MONTANA,MT,30,,,STATE,WHEAT,"SPRING, (EXCL DURUM)",PRODUCTION,"WHEAT, SPRING, (EXCL DURUM) - PRODUCTION, MEASURED IN BU",BU,86700000,
2022,MONTANA,MT,30,,,STATE,WHEAT,"SPRING, (EXCL DURUM)",PRODUCTION,"WHEAT, SPRING, (EXCL DURUM) - PRODUCTION, MEASURED IN BU",BU,61000000,
2022,MONTANA,MT,30,,,STATE,WHEAT,"SPRING, (EXCL DURUM)",PRODUCTION,"WHEAT, SPRING, (EXCL DURUM) - PRODUCTION, MEASURED IN BU",BU,74200000,
2022,MONTANA,MT,30,,,STATE,WHEAT,"SPRING, (EXCL DURUM)",PRODUCTION,"WHEAT, SPRING, (EXCL DURUM) - PRODUCTION, MEASURED IN BU",BU,74200000,
2021,MONTANA,MT,30,,,STATE,WHEAT,"SPRING, (EXCL DURUM)",PRODUCTION,"WHEAT, SPRING, (EXCL DURUM) - PRODUCTION, MEASURED IN BU",BU,37060000,
2021,MONTANA,MT,30,,,STATE,WHEAT,"SPRING, (EXCL DURUM)",PRODUCTION,"WHEAT, SPRING, (EXCL DURUM) - PRODUCTION, MEASURED IN BU",BU,51000000,
2021,MONTANA,MT,30,,,STATE,WHEAT,"SPRING, (EXCL DURUM)",PRODUCTION,"WHEAT, SPRING, (EXCL DURUM) - PRODUCTION, MEASURED IN BU",BU,63750000,
2025,NORTH DAKOTA,ND,38,,,STATE,WHEAT,"SPRING, (EXCL DURUM)",PRODUCTION,"WHEAT, SPRING, (EXCL DURUM) - PRODUCTION, MEASURED IN BU",BU,276650000,
2025,NORTH DAKOTA,ND,38,,,STATE,WHEAT,"SPRING, (EXCL DURUM)",PRODUCTION,"WHEAT, SPRING, (EXCL DURUM) - PRODUCTION, MEASURED IN BU",BU,275000000,
2025,NORTH DAKOTA,ND,38,,,STATE,WHEAT,"SPRING, (EXCL DURUM)",PRODUCTION,"WHEAT, SPRING, (EXCL DURUM) - PRODUCTION, MEASURED IN BU",BU,289100000,
2024,NORTH DAKOTA,ND,38,,,STATE,WHEAT,"SPRING, (EXCL DURUM)",PRODUCTION,"WHEAT, SPRING, (EXCL DURUM) - PRODUCTION, MEASURED IN BU",BU,310340000,
2024,NORTH DAKOTA,ND,38,,,STATE,WHEAT,"SPRING, (EXCL DURUM)",PRODUCTION,"WHEAT, SPRING, (EXCL DURUM) - PRODUCTION, MEASURED IN BU",BU,294560000,
2024,NORTH DAKOTA,ND,38,,,STATE,WHEAT,"SPRING, (EXCL DURUM)",PRODUCTION,"WHEAT, SPRING, (EXCL DURUM) - PRODUCTION, MEASURED IN BU",BU,305760000,
2023,NORTH DAKOTA,ND,38,,,STATE,WHEAT,"SPRING, (EXCL DURUM)",PRODUCTION,"WHEAT, SPRING, (EXCL DURUM) - PRODUCTION, MEASURED IN BU",BU,266265000,
2023,NORTH DAKOTA,ND,38,,,STATE,WHEAT,"SPRING, (EXCL DURUM)",PRODUCTION,"WHEAT, SPRING, (EXCL DURUM) - PRODUCTION, MEASURED IN BU",BU,244350000,
2023,NORTH DAKOTA,ND,38,,,STATE,WHEAT,"SPRING, (EXCL DURUM)",PRODUCTION,"WHEAT, SPRING, (EXCL DURUM) - PRODUCTION, MEASURED IN BU",BU,255210000,
2022,NORTH DAKOTA,ND,38,,,STATE,WHEAT,"SPRING, (EXCL DURUM)",PRODUCTION,"WHEAT, SPRING, (EXCL DURUM) - PRODUCTION, MEASURED IN BU",BU,263000000,
2022,NORTH DAKOTA,ND,38,,,STATE,WHEAT,"SPRING, (EXCL DURUM)",PRODUCTION,"WHEAT, SPRING, (EXCL DURUM) - PRODUCTION, MEASURED IN BU",BU,273000000,
2022,NORTH DAKOTA,ND,38,,,STATE,WHEAT,"SPRING, (EXCL DURUM)",PRODUCTION,"WHEAT, SPRING, (EXCL DURUM) - PRODUCTION, MEASURED IN BU",BU,267750000,
2021,NORTH DAKOTA,ND,38,,,STATE,WHEAT,"SPRING, (EXCL DURUM)",PRODUCTION,"WHEAT, SPRING, (EXCL DURUM) - PRODUCTION, MEASURED IN BU",BU,174535000,
2021,NORTH DAKOTA,ND,38,,,STATE,WHEAT,"SPRING, (EXCL DURUM)",PRODUCTION,"WHEAT, SPRING, (EXCL DURUM) - PRODUCTION, MEASURED IN BU",BU,172500000,
2021,NORTH DAKOTA,ND,38,,,STATE,WHEAT,"SPRING, (EXCL DURUM)",PRODUCTION,"WHEAT, SPRING, (EXCL DURUM) - PRODUCTION, MEASURED IN BU",BU,161000000,
2025,SOUTH DAKOTA,SD,46,,,STATE,WHEAT,"SPRING, (EXCL DURUM)",PRODUCTION,"WHEAT, SPRING, (EXCL DURUM) - PRODUCTION, MEASURED IN BU",BU,32640000,
2025,SOUTH DAKOTA,SD,46,,,STATE,WHEAT,"SPRING, (EXCL DURUM)",PRODUCTION,"WHEAT, SPRING, (EXCL DURUM) - PRODUCTION, MEASURED IN BU",BU,28980000,
2025,SOUTH DAKOTA,SD,46,,,STATE,WHEAT,"SPRING, (EXCL DURUM)",PRODUCTION,"WHEAT, SPRING, (EXCL DURUM) - PRODUCTION, MEASURED IN BU",BU,29610000,
2024,SOUTH DAKOTA,SD,46,,,STATE,WHEAT,"SPRING, (EXCL DURUM)",PRODUCTION,"WHEAT, SPRING, (EXCL DURUM) - PRODUCTION, MEASURED IN BU",BU,31115000,
2024,SOUTH DAKOTA,SD,46,,,STATE,WHEAT,"SPRING, (EXCL DURUM)",PRODUCTION,"WHEAT, SPRING, (EXCL DURUM) - PRODUCTION, MEASURED IN BU",BU,31500000,
2024,SOUTH DAKOTA,SD,46,,,STATE,WHEAT,"SPRING, (EXCL DURUM)",PRODUCTION,"WHEAT, SPRING, (EXCL DURUM) - PRODUCTION, MEASURED IN BU",BU,33500000,
2023,SOUTH DAKOTA,SD,46,,,STATE,WHEAT,"SPRING, (EXCL DURUM)",PRODUCTION,"WHEAT, SPRING, (EXCL DURUM) - PRODUCTION, MEASURED IN BU",BU,27950000,
2023,SOUTH DAKOTA,SD,46,,,STATE,WHEAT,"SPRING, (EXCL DURUM)",PRODUCTION,"WHEAT, SPRING, (EXCL DURUM) - PRODUCTION, MEASURED IN BU",BU,21000000,
2023,SOUTH DAKOTA,SD,46,,,STATE,WHEAT,"SPRING, (EXCL DURUM)",PRODUCTION,"WHEAT, SPRING, (EXCL DURUM) - PRODUCTION, MEASURED IN BU",BU,23800000,
2022,SOUTH DAKOTA,SD,46,,,STATE,WHEAT,"SPRING, (EXCL DURUM)",PRODUCTION,"WHEAT, SPRING, (EXCL DURUM) - PRODUCTION, MEASURED IN BU",BU,34080000,
2022,SOUTH DAKOTA,SD,46,,,STATE,WHEAT,"SPRING, (EXCL DURUM)",PRODUCTION,"WHEAT, SPRING, (EXCL DURUM) - PRODUCTION, MEASURED IN BU",BU,32120000,
2022,SOUTH DAKOTA,SD,46,,,STATE,WHEAT,"SPRING, (EXCL DURUM)",PRODUCTION,"WHEAT, SPRING, (EXCL DURUM) - PRODUCTION, MEASURED IN BU",BU,35770000,
2021,SOUTH DAKOTA,SD,46,,,STATE,WHEAT,"SPRING, (EXCL DURUM)",PRODUCTION,"WHEAT, SPRING, (EXCL DURUM) - PRODUCTION, MEASURED IN BU",BU,16820000,
2021,SOUTH DAKOTA,SD,46,,,STATE,WHEAT,"SPRING, (EXCL DURUM)",PRODUCTION,"WHEAT, SPRING, (EXCL DURUM) - PRODUCTION, MEASURED IN BU",BU,16800000,
2021,SOUTH DAKOTA,SD,46,,,STATE,WHEAT,"SPRING, (EXCL DURUM)",PRODUCTION,"WHEAT, SPRING, (EXCL DURUM) - PRODUCTION, MEASURED IN BU",BU,17500000,
2025,WASHINGTON,WA,53,,,STATE,WHEAT,"SPRING, (EXCL DURUM)",PRODUCTION,"WHEAT, SPRING, (EXCL DURUM) - PRODUCTION, MEASURED IN BU",BU,19740000,
2025,WASHINGTON,WA,53,,,STATE,WHEAT,"SPRING, (EXCL DURUM)",PRODUCTION,"WHEAT, SPRING, (EXCL DURUM) - PRODUCTION, MEASURED IN BU",BU,19350000,
2025,WASHINGTON,WA,53,,,STATE,WHEAT,"SPRING, (EXCL DURUM)",PRODUCTION,"WHEAT, SPRING, (EXCL DURUM) - PRODUCTION, MEASURED IN BU",BU,21855000,
2024,WASHINGTON,WA,53,,,STATE,WHEAT,"SPRING, (EXCL DURUM)",PRODUCTION,"WHEAT, SPRING, (EXCL DURUM) - PRODUCTION, MEASURED IN BU",BU,21070000,
2024,WASHINGTON,WA,53,,,STATE,WHEAT,"SPRING, (EXCL DURUM)",PRODUCTION,"WHEAT, SPRING, (EXCL DURUM) - PRODUCTION, MEASURED IN BU",BU,23520000,
2024,WASHINGTON,WA,53,,,STATE,WHEAT,"SPRING, (EXCL DURUM)",PRODUCTION,"WHEAT, SPRING, (EXCL DURUM) - PRODUCTION, MEASURED IN BU",BU,24250000,
2023,WASHINGTON,WA,53,,,STATE,WHEAT,"SPRING, (EXCL DURUM)",PRODUCTION,"WHEAT, SPRING, (EXCL DURUM) - PRODUCTION, MEASURED IN BU",BU,18620000,
2023,WASHINGTON,WA,53,,,STATE,WHEAT,"SPRING, (EXCL DURUM)",PRODUCTION,"WHEAT, SPRING, (EXCL DURUM) - PRODUCTION, MEASURED IN BU",BU,21825000,
2023,WASHINGTON,WA,53,,,STATE,WHEAT,"SPRING, (EXCL DURUM)",PRODUCTION,"WHEAT, SPRING, (EXCL DURUM) - PRODUCTION, MEASURED IN BU",BU,22000000,
2022,WASHINGTON,WA,53,,,STATE,WHEAT,"SPRING, (EXCL DURUM)",PRODUCTION,"WHEAT, SPRING, (EXCL DURUM) - PRODUCTION, MEASURED IN BU",BU,21620000,
2022,WASHINGTON,WA,53,,,STATE,WHEAT,"SPRING, (EXCL DURUM)",PRODUCTION,"WHEAT, SPRING, (EXCL DURUM) - PRODUCTION, MEASURED IN BU",BU,25110000,
2022,WASHINGTON,WA,53,,,STATE,WHEAT,"SPRING, (EXCL DURUM)",PRODUCTION,"WHEAT, SPRING, (EXCL DURUM) - PRODUCTION, MEASURED IN BU",BU,22320000,
2021,WASHINGTON,WA,53,,,STATE,WHEAT,"SPRING, (EXCL DURUM)",PRODUCTION,"WHEAT, SPRING, (EXCL DURUM) - PRODUCTION, MEASURED IN BU",BU,16200000,
2021,WASHINGTON,WA,53,,,STATE,WHEAT,"SPRING, (EXCL DURUM)",PRODUCTION,"WHEAT, SPRING, (EXCL DURUM) - PRODUCTION, MEASURED IN BU",BU,18900000,
2021,WASHINGTON,WA,53,,,STATE,WHEAT,"SPRING, (EXCL DURUM)",PRODUCTION,"WHEAT, SPRING, (EXCL DURUM) - PRODUCTION, MEASURED IN BU",BU,19980000,
