,year,state,state_abbr,county,commodity,AREA HARVESTED,AREA PLANTED,PRODUCTION,YIELD
0,2021,IDAHO,ID,BENEWAH,WHEAT,7150.0,7400.0,220000.0,30.8
1,2021,IDAHO,ID,BINGHAM,WHEAT,43200.0,45100.0,4575000.0,105.9
2,2021,IDAHO,ID,BONNEVILLE,WHEAT,49600.0,52200.0,3184000.0,64.2
3,2021,IDAHO,ID,CANYON,WHEAT,4930.0,5100.0,456000.0,92.5
4,2021,IDAHO,ID,CARIBOU,WHEAT,27700.0,28700.0,759000.0,27.4
5,2021,IDAHO,ID,CASSIA,WHEAT,11800.0,12800.0,1189000.0,100.8
6,2021,IDAHO,ID,CLEARWATER,WHEAT,1900.0,2000.0,46700.0,24.6
7,2021,IDAHO,ID,GOODING,WHEAT,960.0,1000.0,108000.0,112.5
8,2021,IDAHO,ID,IDAHO,WHEAT,25800.0,26700.0,735000.0,28.5
9,2021,IDAHO,ID,JEFFERSON,WHEAT,23900.0,24700.0,2590000.0,108.4
10,2021,IDAHO,ID,LATAH,WHEAT,31700.0,32900.0,1062000.0,33.5
11,2021,IDAHO,ID,LEWIS,WHEAT,19900.0,20600.0,567000.0,28.5
12,2021,IDAHO,ID,LINCOLN,WHEAT,3200.0,3600.0,230000.0,71.9
13,2021,IDAHO,ID,MADISON,WHEAT,47700.0,49800.0,4031000.0,84.5
14,2021,IDAHO,ID,MINIDOKA,WHEAT,10700.0,11300.0,1156000.0,108.0
15,2021,IDAHO,ID,NEZ PERCE,WHEAT,29300.0,30300.0,1151000.0,39.3
16,2021,IDAHO,ID,OTHER COUNTIES,WHEAT,143630.0,153500.0,8291100.0,57.7
17,2021,IDAHO,ID,TWIN FALLS,WHEAT,1640.0,1700.0,180000.0,109.8
18,2021,IDAHO,ID,WASHINGTON,WHEAT,290.0,600.0,24200.0,83.4
19,2021,MINNESOTA,MN,BECKER,WHEAT,20500.0,21400.0,1156000.0,56.4
20,2021,MINNESOTA,MN,BELTRAMI,WHEAT,11400.0,12200.0,447000.0,39.2
21,2021,MINNESOTA,MN,BIG STONE,WHEAT,4320.0,4500.0,243000.0,56.3
22,2021,MINNESOTA,MN,CHIPPEWA,WHEAT,670.0,700.0,33600.0,50.1
23,2021,MINNESOTA,MN,CLAY,WHEAT,55400.0,57700.0,3263000.0,58.9
24,2021,MINNESOTA,MN,COTTONWOOD,WHEAT,860.0,900.0,49700.0,57.8
25,2021,MINNESOTA,MN,DAKOTA,WHEAT,670.0,700.0,25700.0,38.4
26,2021,MINNESOTA,MN,DOUGLAS,WHEAT,4500.0,4800.0,163000.0,36.2
27,2021,MINNESOTA,MN,GRANT,WHEAT,7450.0,7800.0,446000.0,59.9
28,2021,MINNESOTA,MN,KANABEC,WHEAT,140.0,300.0,5900.0,42.1
29,2021,MINNESOTA,MN,KANDIYOHI,WHEAT,960.0,1000.0,43700.0,45.5
30,2021,MINNESOTA,MN,KITTSON,WHEAT,119600.0,124500.0,6028000.0,50.4
31,2021,MINNESOTA,MN,KOOCHICHING,WHEAT,1150.0,1200.0,47400.0,41.2
32,2021,MINNESOTA,MN,LAC QUI PARLE,WHEAT,980.0,1400.0,43600.0,44.5
33,2021,MINNESOTA,MN,LINCOLN,WHEAT,1920.0,2000.0,122000.0,63.5
34,2021,MINNESOTA,MN,LYON,WHEAT,1630.0,1700.0,98600.0,60.5
35,2021,MINNESOTA,MN,MARSHALL,WHEAT,208000.0,216000.0,10296000.0,49.5
36,2021,MINNESOTA,MN,MCLEOD,WHEAT,860.0,900.0,51000.0,59.3
37,2021,MINNESOTA,MN,MEEKER,WHEAT,380.0,400.0,11900.0,31.3
38,2021,MINNESOTA,MN,MORRISON,WHEAT,560.0,700.0,13900.0,24.8
39,2021,MINNESOTA,MN,NICOLLET,WHEAT,380.0,400.0,22200.0,58.4
40,2021,MINNESOTA,MN,NORMAN,WHEAT,84300.0,87700.0,4072000.0,48.3
41,2021,MINNESOTA,MN,OTHER COUNTIES,WHEAT,56720.0,60200.0,2909300.0,51.3
42,2021,MINNESOTA,MN,OTTER TAIL,WHEAT,15800.0,17200.0,860000.0,54.4
43,2021,MINNESOTA,MN,PENNINGTON,WHEAT,80800.0,84100.0,2998000.0,37.1
44,2021,MINNESOTA,MN,POLK,WHEAT,250500.0,260000.0,11377000.0,45.4
45,2021,MINNESOTA,MN,RED LAKE,WHEAT,56000.0,58400.0,2414000.0,43.1
46,2021,MINNESOTA,MN,RENVILLE,WHEAT,1350.0,1400.0,77600.0,57.5
47,2021,MINNESOTA,MN,ROSEAU,WHEAT,95400.0,99400.0,4159000.0,43.6
48,2021,MINNESOTA,MN,SCOTT,WHEAT,100.0,100.0,4300.0,43.0
49,2021,MINNESOTA,MN,SIBLEY,WHEAT,380.0,400.0,22300.0,58.7
50,2021,MINNESOTA,MN,STEARNS,WHEAT,1810.0,2000.0,67500.0,37.3
51,2021,MINNESOTA,MN,STEVENS,WHEAT,3940.0,4100.0,230000.0,58.4
52,2021,MINNESOTA,MN,SWIFT,WHEAT,2980.0,3200.0,192000.0,64.4
53,2021,MINNESOTA,MN,TODD,WHEAT,1980.0,2200.0,49900.0,25.2
54,2021,MINNESOTA,MN,TRAVERSE,WHEAT,6530.0,6800.0,343000.0,52.5
55,2021,MINNESOTA,MN,WADENA,WHEAT,1240.0,1300.0,19300.0,15.6
56,2021,MINNESOTA,MN,WILKIN,WHEAT,55200.0,57500.0,3141000.0,56.9
57,2021,MINNESOTA,MN,WRIGHT,WHEAT,1110.0,1200.0,51200.0,46.1
58,2021,MINNESOTA,MN,YELLOW MEDICINE,WHEAT,1530.0,1600.0,81400.0,53.2
59,2021,MONTANA,MT,BEAVERHEAD,WHEAT,5700.0,6800.0,541000.0,94.9
60,2021,MONTANA,MT,BIG HORN,WHEAT,16000.0,19400.0,456000.0,28.5
61,2021,MONTANA,MT,BLAINE,WHEAT,129400.0,176000.0,1786000.0,13.8
62,2021,MONTANA,MT,BROADWATER,WHEAT,8900.0,8900.0,276000.0,31.0
63,2021,MONTANA,MT,CASCADE,WHEAT,22000.0,28400.0,781000.0,35.5
64,2021,MONTANA,MT,CHOUTEAU,WHEAT,137000.0,168500.0,3000000.0,21.9
65,2021,MONTANA,MT,DANIELS,WHEAT,132000.0,161500.0,1795000.0,13.6
66,2021,MONTANA,MT,DAWSON,WHEAT,129300.0,168500.0,1138000.0,8.8
67,2021,MONTANA,MT,FALLON,WHEAT,2700.0,15400.0,35100.0,13.0
68,2021,MONTANA,MT,FERGUS,WHEAT,37000.0,48000.0,525000.0,14.2
69,2021,MONTANA,MT,FLATHEAD,WHEAT,9300.0,9300.0,432000.0,46.5
70,2021,MONTANA,MT,GALLATIN,WHEAT,24000.0,27000.0,1188000.0,49.5
71,2021,MONTANA,MT,GLACIER,WHEAT,30300.0,39700.0,630000.0,20.8
72,2021,MONTANA,MT,HILL,WHEAT,213500.0,253500.0,4099000.0,19.2
73,2021,MONTANA,MT,LAKE,WHEAT,6200.0,6300.0,398000.0,64.2
74,2021,MONTANA,MT,LEWIS AND CLARK,WHEAT,3700.0,3700.0,90000.0,24.3
75,2021,MONTANA,MT,LIBERTY,WHEAT,114500.0,115500.0,2279000.0,19.9
76,2021,MONTANA,MT,MADISON,WHEAT,5700.0,5900.0,412000.0,72.3
77,2021,MONTANA,MT,MCCONE,WHEAT,149000.0,193000.0,1445000.0,9.7
78,2021,MONTANA,MT,MEAGHER,WHEAT,2300.0,2300.0,111000.0,48.3
79,2021,MONTANA,MT,MUSSELSHELL,WHEAT,3700.0,7600.0,45900.0,12.4
80,2021,MONTANA,MT,OTHER COUNTIES,WHEAT,83800.0,170100.0,1281000.0,15.3
81,2021,MONTANA,MT,PARK,WHEAT,3800.0,4200.0,144000.0,37.9
82,2021,MONTANA,MT,PHILLIPS,WHEAT,56000.0,114000.0,314000.0,5.6
83,2021,MONTANA,MT,PONDERA,WHEAT,78600.0,78700.0,2447000.0,31.1
84,2021,MONTANA,MT,RICHLAND,WHEAT,122000.0,169000.0,1318000.0,10.8
85,2021,MONTANA,MT,ROOSEVELT,WHEAT,259000.0,315000.0,3781000.0,14.6
86,2021,MONTANA,MT,SHERIDAN,WHEAT,31500.0,32600.0,466000.0,14.8
87,2021,MONTANA,MT,TETON,WHEAT,38800.0,38800.0,1385000.0,35.7
88,2021,MONTANA,MT,TOOLE,WHEAT,140000.0,181000.0,2982000.0,21.3
89,2021,MONTANA,MT,VALLEY,WHEAT,169900.0,312000.0,1308000.0,7.7
90,2021,MONTANA,MT,YELLOWSTONE,WHEAT,14400.0,19400.0,171000.0,11.9
91,2021,NORTH DAKOTA,ND,ADAMS,WHEAT,114800.0,120000.0,2285000.0,19.9
92,2021,NORTH DAKOTA,ND,BARNES,WHEAT,71400.0,71500.0,3963000.0,55.5
93,2021,NORTH DAKOTA,ND,BENSON,WHEAT,133500.0,138500.0,5287000.0,39.6
94,2021,NORTH DAKOTA,ND,BILLINGS,WHEAT,24500.0,30600.0,345000.0,14.1
95,2021,NORTH DAKOTA,ND,BOTTINEAU,WHEAT,237000.0,240000.0,9859000.0,41.6
96,2021,NORTH DAKOTA,ND,BOWMAN,WHEAT,62300.0,80500.0,829000.0,13.3
97,2021,NORTH DAKOTA,ND,BURKE,WHEAT,124500.0,125500.0,5030000.0,40.4
98,2021,NORTH DAKOTA,ND,BURLEIGH,WHEAT,39600.0,44900.0,693000.0,17.5
99,2021,NORTH DAKOTA,ND,CASS,WHEAT,85000.0,86100.0,5075000.0,59.7
100,2021,NORTH DAKOTA,ND,DIVIDE,WHEAT,93500.0,95200.0,3011000.0,32.2
101,2021,NORTH DAKOTA,ND,DUNN,WHEAT,138000.0,147000.0,3616000.0,26.2
102,2021,NORTH DAKOTA,ND,EDDY,WHEAT,31000.0,33200.0,822000.0,26.5
103,2021,NORTH DAKOTA,ND,EMMONS,WHEAT,37400.0,52500.0,692000.0,18.5
104,2021,NORTH DAKOTA,ND,FOSTER,WHEAT,31900.0,32500.0,1193000.0,37.4
105,2021,NORTH DAKOTA,ND,GRAND FORKS,WHEAT,126800.0,128000.0,5884000.0,46.4
106,2021,NORTH DAKOTA,ND,GRANT,WHEAT,92400.0,101500.0,1340000.0,14.5
107,2021,NORTH DAKOTA,ND,GRIGGS,WHEAT,56200.0,58100.0,2591000.0,46.1
108,2021,NORTH DAKOTA,ND,HETTINGER,WHEAT,252000.0,259500.0,6930000.0,27.5
109,2021,NORTH DAKOTA,ND,KIDDER,WHEAT,31000.0,41000.0,899000.0,29.0
110,2021,NORTH DAKOTA,ND,LA MOURE,WHEAT,24100.0,24700.0,897000.0,37.2
111,2021,NORTH DAKOTA,ND,LOGAN,WHEAT,25900.0,28700.0,632000.0,24.4
112,2021,NORTH DAKOTA,ND,MCHENRY,WHEAT,103000.0,112000.0,1978000.0,19.2
113,2021,NORTH DAKOTA,ND,MCINTOSH,WHEAT,40000.0,48900.0,1088000.0,27.2
114,2021,NORTH DAKOTA,ND,MCKENZIE,WHEAT,89800.0,102000.0,1194000.0,13.3
115,2021,NORTH DAKOTA,ND,MCLEAN,WHEAT,215000.0,229500.0,5440000.0,25.3
116,2021,NORTH DAKOTA,ND,MERCER,WHEAT,42000.0,50100.0,634000.0,15.1
117,2021,NORTH DAKOTA,ND,MORTON,WHEAT,104300.0,125000.0,1752000.0,16.8
118,2021,NORTH DAKOTA,ND,NELSON,WHEAT,104300.0,106000.0,4120000.0,39.5
119,2021,NORTH DAKOTA,ND,OLIVER,WHEAT,44000.0,50000.0,766000.0,17.4
120,2021,NORTH DAKOTA,ND,OTHER COUNTIES,WHEAT,522900.0,543600.0,21110000.0,40.4
121,2021,NORTH DAKOTA,ND,PEMBINA,WHEAT,193500.0,195500.0,6773000.0,35.0
122,2021,NORTH DAKOTA,ND,PIERCE,WHEAT,108000.0,117500.0,2214000.0,20.5
123,2021,NORTH DAKOTA,ND,RAMSEY,WHEAT,148600.0,150000.0,6063000.0,40.8
124,2021,NORTH DAKOTA,ND,RANSOM,WHEAT,20500.0,20900.0,1224000.0,59.7
125,2021,NORTH DAKOTA,ND,RENVILLE,WHEAT,130400.0,131500.0,5242000.0,40.2
126,2021,NORTH DAKOTA,ND,RICHLAND,WHEAT,43500.0,43800.0,2614000.0,60.1
127,2021,NORTH DAKOTA,ND,ROLETTE,WHEAT,94200.0,96400.0,3401000.0,36.1
128,2021,NORTH DAKOTA,ND,SHERIDAN,WHEAT,70600.0,79600.0,1871000.0,26.5
129,2021,NORTH DAKOTA,ND,SLOPE,WHEAT,94000.0,111500.0,1589000.0,16.9
130,2021,NORTH DAKOTA,ND,STARK,WHEAT,205500.0,214500.0,5733000.0,27.9
131,2021,NORTH DAKOTA,ND,STEELE,WHEAT,40500.0,41100.0,2021000.0,49.9
132,2021,NORTH DAKOTA,ND,STUTSMAN,WHEAT,58200.0,59400.0,2311000.0,39.7
133,2021,NORTH DAKOTA,ND,TOWNER,WHEAT,183000.0,185000.0,7869000.0,43.0
134,2021,NORTH DAKOTA,ND,TRAILL,WHEAT,67800.0,69100.0,3919000.0,57.8
135,2021,NORTH DAKOTA,ND,WALSH,WHEAT,186900.0,189000.0,7962000.0,42.6
136,2021,NORTH DAKOTA,ND,WARD,WHEAT,272000.0,286000.0,7834000.0,28.8
137,2021,NORTH DAKOTA,ND,WELLS,WHEAT,114200.0,117500.0,3871000.0,33.9
138,2021,NORTH DAKOTA,ND,WILLIAMS,WHEAT,80500.0,85100.0,2069000.0,25.7
139,2021,SOUTH DAKOTA,SD,BROOKINGS,WHEAT,1960.0,2200.0,121000.0,61.7
140,2021,SOUTH DAKOTA,SD,BROWN,WHEAT,11400.0,12000.0,473000.0,41.5
141,2021,SOUTH DAKOTA,SD,BUFFALO,WHEAT,1990.0,4300.0,55300.0,27.8
142,2021,SOUTH DAKOTA,SD,CAMPBELL,WHEAT,8610.0,13500.0,309000.0,35.9
143,2021,SOUTH DAKOTA,SD,CLARK,WHEAT,6700.0,6900.0,389000.0,58.1
144,2021,SOUTH DAKOTA,SD,CORSON,WHEAT,57500.0,67000.0,1637000.0,28.5
145,2021,SOUTH DAKOTA,SD,DAY,WHEAT,17000.0,17900.0,836000.0,49.2
146,2021,SOUTH DAKOTA,SD,DEUEL,WHEAT,4960.0,5200.0,306000.0,61.7
147,2021,SOUTH DAKOTA,SD,EDMUNDS,WHEAT,24100.0,29600.0,776000.0,32.2
148,2021,SOUTH DAKOTA,SD,GRANT,WHEAT,10300.0,10900.0,506000.0,49.1
149,2021,SOUTH DAKOTA,SD,HAMLIN,WHEAT,2630.0,2700.0,169000.0,64.3
150,2021,SOUTH DAKOTA,SD,HAND,WHEAT,9280.0,10800.0,392000.0,42.2
151,2021,SOUTH DAKOTA,SD,JACKSON,WHEAT,7540.0,8100.0,111000.0,14.7
152,2021,SOUTH DAKOTA,SD,JONES,WHEAT,5070.0,6200.0,106000.0,20.9
153,2021,SOUTH DAKOTA,SD,KINGSBURY,WHEAT,1530.0,1700.0,75900.0,49.6
154,2021,SOUTH DAKOTA,SD,LYMAN,WHEAT,8040.0,8400.0,249000.0,31.0
155,2021,SOUTH DAKOTA,SD,MARSHALL,WHEAT,4860.0,5100.0,255000.0,52.5
156,2021,SOUTH DAKOTA,SD,MEADE,WHEAT,6000.0,7100.0,67100.0,11.2
157,2021,SOUTH DAKOTA,SD,OTHER COUNTIES,WHEAT,329330.0,414700.0,7913700.0,24.0
158,2021,SOUTH DAKOTA,SD,PENNINGTON,WHEAT,9000.0,18500.0,116000.0,12.9
159,2021,SOUTH DAKOTA,SD,ROBERTS,WHEAT,12600.0,13000.0,593000.0,47.1
160,2021,SOUTH DAKOTA,SD,SPINK,WHEAT,12200.0,12600.0,449000.0,36.8
161,2021,SOUTH DAKOTA,SD,WALWORTH,WHEAT,16200.0,25100.0,562000.0,34.7
162,2021,SOUTH DAKOTA,SD,ZIEBACH,WHEAT,11200.0,16500.0,353000.0,31.5
163,2021,WASHINGTON,WA,ASOTIN,WHEAT,3480.0,3900.0,58800.0,16.9
164,2021,WASHINGTON,WA,COLUMBIA,WHEAT,24200.0,25700.0,765000.0,31.6
165,2021,WASHINGTON,WA,DOUGLAS,WHEAT,6480.0,7200.0,97500.0,15.0
166,2021,WASHINGTON,WA,FRANKLIN,WHEAT,2340.0,2600.0,165000.0,70.5
167,2021,WASHINGTON,WA,GARFIELD,WHEAT,28000.0,29500.0,703000.0,25.1
168,2021,WASHINGTON,WA,GRANT,WHEAT,7850.0,8400.0,790000.0,100.6
169,2021,WASHINGTON,WA,KLICKITAT,WHEAT,16800.0,19500.0,222000.0,13.2
170,2021,WASHINGTON,WA,LINCOLN,WHEAT,117900.0,125000.0,2830000.0,24.0
171,2021,WASHINGTON,WA,OKANOGAN,WHEAT,3530.0,3800.0,46900.0,13.3
172,2021,WASHINGTON,WA,OTHER COUNTIES,WHEAT,39300.0,44700.0,763800.0,19.4
173,2021,WASHINGTON,WA,SPOKANE,WHEAT,64100.0,68500.0,1820000.0,28.4
174,2021,WASHINGTON,WA,WALLA WALLA,WHEAT,24700.0,26000.0,1205000.0,48.8
175,2021,WASHINGTON,WA,WHITMAN,WHEAT,197000.0,210000.0,6555000.0,33.3
176,2021,WASHINGTON,WA,YAKIMA,WHEAT,4320.0,5200.0,178000.0,41.2
177,2022,IDAHO,ID,ADA,WHEAT,1710.0,1800.0,181000.0,105.8
178,2022,IDAHO,ID,BINGHAM,WHEAT,38200.0,40200.0,4133000.0,108.2
179,2022,IDAHO,ID,BONNEVILLE,WHEAT,33300.0,35800.0,2011000.0,60.4
180,2022,IDAHO,ID,CAMAS,WHEAT,3700.0,3900.0,200000.0,54.1
181,2022,IDAHO,ID,CANYON,WHEAT,4360.0,4600.0,401000.0,92.0
182,2022,IDAHO,ID,CARIBOU,WHEAT,17800.0,18700.0,684000.0,38.4
183,2022,IDAHO,ID,CLARK,WHEAT,5790.0,6100.0,570000.0,98.4
184,2022,IDAHO,ID,FRANKLIN,WHEAT,3390.0,3600.0,192000.0,56.6
185,2022,IDAHO,ID,IDAHO,WHEAT,12600.0,13300.0,616000.0,48.9
186,2022,IDAHO,ID,JEFFERSON,WHEAT,22200.0,23300.0,2145000.0,96.6
187,2022,IDAHO,ID,MADISON,WHEAT,41800.0,44100.0,4289000.0,102.6
188,2022,IDAHO,ID,OTHER COUNTIES,WHEAT,171480.0,180600.0,13312700.0,77.6
189,2022,IDAHO,ID,TWIN FALLS,WHEAT,3100.0,3300.0,381000.0,122.9
190,2022,IDAHO,ID,WASHINGTON,WHEAT,570.0,700.0,44300.0,77.7
191,2022,MINNESOTA,MN,BECKER,WHEAT,23800.0,24600.0,1428000.0,60.0
192,2022,MINNESOTA,MN,BELTRAMI,WHEAT,9110.0,9400.0,553000.0,60.7
193,2022,MINNESOTA,MN,BIG STONE,WHEAT,1940.0,2000.0,80300.0,41.4
194,2022,MINNESOTA,MN,BLUE EARTH,WHEAT,290.0,300.0,14400.0,49.7
195,2022,MINNESOTA,MN,CARVER,WHEAT,680.0,700.0,26500.0,39.0
196,2022,MINNESOTA,MN,CHIPPEWA,WHEAT,1360.0,1400.0,60100.0,44.2
197,2022,MINNESOTA,MN,CLAY,WHEAT,67100.0,69400.0,4227000.0,63.0
198,2022,MINNESOTA,MN,COTTONWOOD,WHEAT,970.0,1000.0,50300.0,51.9
199,2022,MINNESOTA,MN,DAKOTA,WHEAT,680.0,700.0,25900.0,38.1
200,2022,MINNESOTA,MN,DOUGLAS,WHEAT,6870.0,7100.0,301000.0,43.8
201,2022,MINNESOTA,MN,KANDIYOHI,WHEAT,1140.0,1200.0,43800.0,38.4
202,2022,MINNESOTA,MN,KITTSON,WHEAT,132000.0,136000.0,7995000.0,60.6
203,2022,MINNESOTA,MN,LAKE OF THE WOODS,WHEAT,7550.0,7800.0,453000.0,60.0
204,2022,MINNESOTA,MN,LE SUEUR,WHEAT,480.0,500.0,23800.0,49.6
205,2022,MINNESOTA,MN,LYON,WHEAT,1550.0,1600.0,81200.0,52.4
206,2022,MINNESOTA,MN,MAHNOMEN,WHEAT,34700.0,35900.0,2158000.0,62.2
207,2022,MINNESOTA,MN,MARSHALL,WHEAT,190500.0,196000.0,11414000.0,59.9
208,2022,MINNESOTA,MN,MORRISON,WHEAT,1360.0,1400.0,50900.0,37.4
209,2022,MINNESOTA,MN,NICOLLET,WHEAT,390.0,400.0,20300.0,52.1
210,2022,MINNESOTA,MN,NORMAN,WHEAT,89100.0,92100.0,5658000.0,63.5
211,2022,MINNESOTA,MN,OTHER COUNTIES,WHEAT,123730.0,128000.0,7218900.0,58.3
212,2022,MINNESOTA,MN,OTTER TAIL,WHEAT,21200.0,21900.0,1002000.0,47.3
213,2022,MINNESOTA,MN,POLK,WHEAT,263000.0,272000.0,17262000.0,65.6
214,2022,MINNESOTA,MN,POPE,WHEAT,4750.0,4900.0,192000.0,40.4
215,2022,MINNESOTA,MN,RED LAKE,WHEAT,60100.0,62200.0,3612000.0,60.1
216,2022,MINNESOTA,MN,RENVILLE,WHEAT,1650.0,1700.0,81800.0,49.6
217,2022,MINNESOTA,MN,RICE,WHEAT,490.0,500.0,24700.0,50.4
218,2022,MINNESOTA,MN,ROSEAU,WHEAT,96400.0,99700.0,6243000.0,64.8
219,2022,MINNESOTA,MN,SIBLEY,WHEAT,680.0,700.0,35100.0,51.6
220,2022,MINNESOTA,MN,STEVENS,WHEAT,3210.0,3300.0,165000.0,51.4
221,2022,MINNESOTA,MN,TODD,WHEAT,2230.0,2300.0,85200.0,38.2
222,2022,MINNESOTA,MN,WADENA,WHEAT,860.0,900.0,32900.0,38.3
223,2022,MINNESOTA,MN,WATONWAN,WHEAT,290.0,300.0,13100.0,45.2
224,2022,MINNESOTA,MN,WILKIN,WHEAT,57500.0,59600.0,3088000.0,53.7
225,2022,MINNESOTA,MN,WINONA,WHEAT,320.0,400.0,12800.0,40.0
226,2022,MINNESOTA,MN,WRIGHT,WHEAT,2020.0,2100.0,77000.0,38.1
227,2022,MONTANA,MT,BIG HORN,WHEAT,6800.0,7900.0,255000.0,37.5
228,2022,MONTANA,MT,BLAINE,WHEAT,150000.0,167000.0,3498000.0,23.3
229,2022,MONTANA,MT,BROADWATER,WHEAT,9100.0,9200.0,291000.0,32.0
230,2022,MONTANA,MT,CASCADE,WHEAT,21000.0,21000.0,374000.0,17.8
231,2022,MONTANA,MT,CHOUTEAU,WHEAT,94700.0,111500.0,1979000.0,20.9
232,2022,MONTANA,MT,CUSTER,WHEAT,3700.0,3900.0,62100.0,16.8
233,2022,MONTANA,MT,DANIELS,WHEAT,137500.0,148500.0,3589000.0,26.1
234,2022,MONTANA,MT,DAWSON,WHEAT,176400.0,179000.0,5239000.0,29.7
235,2022,MONTANA,MT,FALLON,WHEAT,18500.0,20500.0,586000.0,31.7
236,2022,MONTANA,MT,FERGUS,WHEAT,39800.0,41200.0,816000.0,20.5
237,2022,MONTANA,MT,FLATHEAD,WHEAT,6550.0,6800.0,354000.0,54.0
238,2022,MONTANA,MT,GALLATIN,WHEAT,22400.0,22400.0,1785000.0,79.7
239,2022,MONTANA,MT,GLACIER,WHEAT,26500.0,29800.0,729000.0,27.5
240,2022,MONTANA,MT,HILL,WHEAT,195500.0,221500.0,4477000.0,22.9
241,2022,MONTANA,MT,JUDITH BASIN,WHEAT,15100.0,15100.0,424000.0,28.1
242,2022,MONTANA,MT,LAKE,WHEAT,4800.0,5500.0,334000.0,69.6
243,2022,MONTANA,MT,LEWIS AND CLARK,WHEAT,3700.0,3700.0,85100.0,23.0
244,2022,MONTANA,MT,LIBERTY,WHEAT,87700.0,108000.0,1745000.0,19.9
245,2022,MONTANA,MT,MCCONE,WHEAT,191000.0,205000.0,4947000.0,25.9
246,2022,MONTANA,MT,MEAGHER,WHEAT,600.0,600.0,29500.0,49.2
247,2022,MONTANA,MT,OTHER COUNTIES,WHEAT,152250.0,181200.0,4309900.0,28.3
248,2022,MONTANA,MT,PARK,WHEAT,2800.0,2800.0,109000.0,38.9
249,2022,MONTANA,MT,PHILLIPS,WHEAT,60000.0,120000.0,678000.0,11.3
250,2022,MONTANA,MT,PONDERA,WHEAT,45800.0,52400.0,1099000.0,24.0
251,2022,MONTANA,MT,POWDER RIVER,WHEAT,2100.0,2100.0,43500.0,20.7
252,2022,MONTANA,MT,RICHLAND,WHEAT,170500.0,173000.0,4900000.0,28.7
253,2022,MONTANA,MT,ROOSEVELT,WHEAT,288500.0,298000.0,7589000.0,26.3
254,2022,MONTANA,MT,ROSEBUD,WHEAT,5500.0,17300.0,84000.0,15.3
255,2022,MONTANA,MT,STILLWATER,WHEAT,800.0,1300.0,17900.0,22.4
256,2022,MONTANA,MT,TETON,WHEAT,26200.0,26600.0,624000.0,23.8
257,2022,MONTANA,MT,TOOLE,WHEAT,154600.0,162500.0,3618000.0,23.4
258,2022,MONTANA,MT,TREASURE,WHEAT,1900.0,2000.0,100000.0,52.6
259,2022,MONTANA,MT,VALLEY,WHEAT,305500.0,320500.0,5713000.0,18.7
260,2022,MONTANA,MT,YELLOWSTONE,WHEAT,12200.0,12200.0,516000.0,42.3
261,2022,NORTH DAKOTA,ND,ADAMS,WHEAT,111300.0,112000.0,4886000.0,43.9
262,2022,NORTH DAKOTA,ND,BARNES,WHEAT,60700.0,61200.0,3684000.0,60.7
263,2022,NORTH DAKOTA,ND,BENSON,WHEAT,142100.0,143000.0,8157000.0,57.4
264,2022,NORTH DAKOTA,ND,BILLINGS,WHEAT,27700.0,27900.0,1080000.0,39.0
265,2022,NORTH DAKOTA,ND,BOTTINEAU,WHEAT,229000.0,230500.0,12961000.0,56.6
266,2022,NORTH DAKOTA,ND,BOWMAN,WHEAT,79000.0,79500.0,3105000.0,39.3
267,2022,NORTH DAKOTA,ND,BURKE,WHEAT,72700.0,73300.0,3075000.0,42.3
268,2022,NORTH DAKOTA,ND,BURLEIGH,WHEAT,58000.0,58500.0,2204000.0,38.0
269,2022,NORTH DAKOTA,ND,CASS,WHEAT,83500.0,84100.0,5127000.0,61.4
270,2022,NORTH DAKOTA,ND,DICKEY,WHEAT,7540.0,7600.0,405000.0,53.7
271,2022,NORTH DAKOTA,ND,DIVIDE,WHEAT,79500.0,80000.0,3307000.0,41.6
272,2022,NORTH DAKOTA,ND,DUNN,WHEAT,125000.0,126000.0,5125000.0,41.0
273,2022,NORTH DAKOTA,ND,EDDY,WHEAT,29400.0,29600.0,1229000.0,41.8
274,2022,NORTH DAKOTA,ND,EMMONS,WHEAT,55800.0,56200.0,1953000.0,35.0
275,2022,NORTH DAKOTA,ND,FOSTER,WHEAT,31000.0,31200.0,1652000.0,53.3
276,2022,NORTH DAKOTA,ND,GRAND FORKS,WHEAT,124500.0,125500.0,7159000.0,57.5
277,2022,NORTH DAKOTA,ND,GRANT,WHEAT,93400.0,93900.0,3301000.0,35.3
278,2022,NORTH DAKOTA,ND,GRIGGS,WHEAT,54900.0,55300.0,3129000.0,57.0
279,2022,NORTH DAKOTA,ND,HETTINGER,WHEAT,218500.0,219500.0,10591000.0,48.5
280,2022,NORTH DAKOTA,ND,KIDDER,WHEAT,49800.0,50100.0,1743000.0,35.0
281,2022,NORTH DAKOTA,ND,LA MOURE,WHEAT,24200.0,24400.0,1392000.0,57.5
282,2022,NORTH DAKOTA,ND,LOGAN,WHEAT,31400.0,31600.0,1598000.0,50.9
283,2022,NORTH DAKOTA,ND,MCHENRY,WHEAT,124500.0,125000.0,6237000.0,50.1
284,2022,NORTH DAKOTA,ND,MCINTOSH,WHEAT,53600.0,53900.0,2497000.0,46.6
285,2022,NORTH DAKOTA,ND,MCKENZIE,WHEAT,101800.0,102500.0,3828000.0,37.6
286,2022,NORTH DAKOTA,ND,MCLEAN,WHEAT,259500.0,261000.0,12845000.0,49.5
287,2022,NORTH DAKOTA,ND,MORTON,WHEAT,126100.0,128500.0,5271000.0,41.8
288,2022,NORTH DAKOTA,ND,MOUNTRAIL,WHEAT,167000.0,168000.0,7732000.0,46.3
289,2022,NORTH DAKOTA,ND,NELSON,WHEAT,92400.0,93200.0,4759000.0,51.5
290,2022,NORTH DAKOTA,ND,OLIVER,WHEAT,52200.0,52600.0,2579000.0,49.4
291,2022,NORTH DAKOTA,ND,OTHER COUNTIES,WHEAT,545100.0,549300.0,28213000.0,51.8
292,2022,NORTH DAKOTA,ND,PEMBINA,WHEAT,203500.0,205000.0,12434000.0,61.1
293,2022,NORTH DAKOTA,ND,PIERCE,WHEAT,116800.0,117500.0,5968000.0,51.1
294,2022,NORTH DAKOTA,ND,RAMSEY,WHEAT,126900.0,128000.0,6421000.0,50.6
295,2022,NORTH DAKOTA,ND,RANSOM,WHEAT,20700.0,20900.0,1188000.0,57.4
296,2022,NORTH DAKOTA,ND,RENVILLE,WHEAT,108200.0,111000.0,5551000.0,51.3
297,2022,NORTH DAKOTA,ND,RICHLAND,WHEAT,43500.0,43800.0,2279000.0,52.4
298,2022,NORTH DAKOTA,ND,ROLETTE,WHEAT,90100.0,90800.0,4838000.0,53.7
299,2022,NORTH DAKOTA,ND,SARGENT,WHEAT,7960.0,8100.0,435000.0,54.6
300,2022,NORTH DAKOTA,ND,SHERIDAN,WHEAT,86800.0,87500.0,4054000.0,46.7
301,2022,NORTH DAKOTA,ND,SLOPE,WHEAT,102800.0,104000.0,4102000.0,39.9
302,2022,NORTH DAKOTA,ND,STEELE,WHEAT,46100.0,46500.0,2665000.0,57.8
303,2022,NORTH DAKOTA,ND,STUTSMAN,WHEAT,87200.0,87700.0,4133000.0,47.4
304,2022,NORTH DAKOTA,ND,TOWNER,WHEAT,152800.0,154000.0,8251000.0,54.0
305,2022,NORTH DAKOTA,ND,TRAILL,WHEAT,73300.0,73900.0,4354000.0,59.4
306,2022,NORTH DAKOTA,ND,WALSH,WHEAT,188200.0,190000.0,11273000.0,59.9
307,2022,NORTH DAKOTA,ND,WARD,WHEAT,292000.0,293000.0,14950000.0,51.2
308,2022,NORTH DAKOTA,ND,WELLS,WHEAT,125500.0,126000.0,6488000.0,51.7
309,2022,NORTH DAKOTA,ND,WILLIAMS,WHEAT,76500.0,77400.0,2792000.0,36.5
310,2022,SOUTH DAKOTA,SD,BROOKINGS,WHEAT,2950.0,3000.0,186000.0,63.1
311,2022,SOUTH DAKOTA,SD,BROWN,WHEAT,8120.0,8200.0,462000.0,56.9
312,2022,SOUTH DAKOTA,SD,BUFFALO,WHEAT,5460.0,5500.0,268000.0,49.1
313,2022,SOUTH DAKOTA,SD,CAMPBELL,WHEAT,22900.0,23200.0,1207000.0,52.7
314,2022,SOUTH DAKOTA,SD,CODINGTON,WHEAT,8110.0,8300.0,469000.0,57.8
315,2022,SOUTH DAKOTA,SD,CORSON,WHEAT,57100.0,60300.0,2699000.0,47.3
316,2022,SOUTH DAKOTA,SD,DEUEL,WHEAT,4820.0,4900.0,335000.0,69.5
317,2022,SOUTH DAKOTA,SD,EDMUNDS,WHEAT,26600.0,26900.0,1482000.0,55.7
318,2022,SOUTH DAKOTA,SD,GRANT,WHEAT,7250.0,7400.0,398000.0,54.9
319,2022,SOUTH DAKOTA,SD,HAMLIN,WHEAT,2260.0,2300.0,149000.0,65.9
320,2022,SOUTH DAKOTA,SD,HAND,WHEAT,15500.0,15800.0,780000.0,50.3
321,2022,SOUTH DAKOTA,SD,HUGHES,WHEAT,43000.0,43300.0,2089000.0,48.6
322,2022,SOUTH DAKOTA,SD,HUTCHINSON,WHEAT,390.0,400.0,14800.0,37.9
323,2022,SOUTH DAKOTA,SD,JACKSON,WHEAT,4410.0,7600.0,112000.0,25.4
324,2022,SOUTH DAKOTA,SD,KINGSBURY,WHEAT,1870.0,1900.0,96300.0,51.5
325,2022,SOUTH DAKOTA,SD,LYMAN,WHEAT,23000.0,23600.0,1130000.0,49.1
326,2022,SOUTH DAKOTA,SD,MARSHALL,WHEAT,2950.0,3000.0,154000.0,52.2
327,2022,SOUTH DAKOTA,SD,MEADE,WHEAT,5350.0,9000.0,129000.0,24.1
328,2022,SOUTH DAKOTA,SD,MELLETTE,WHEAT,3350.0,3600.0,110000.0,32.8
329,2022,SOUTH DAKOTA,SD,OTHER COUNTIES,WHEAT,250790.0,274000.0,10080900.0,40.2
330,2022,SOUTH DAKOTA,SD,POTTER,WHEAT,61400.0,62500.0,3684000.0,60.0
331,2022,SOUTH DAKOTA,SD,ROBERTS,WHEAT,4820.0,4900.0,235000.0,48.8
332,2022,SOUTH DAKOTA,SD,SPINK,WHEAT,13900.0,14100.0,758000.0,54.5
333,2022,SOUTH DAKOTA,SD,SULLY,WHEAT,82000.0,83900.0,4446000.0,54.2
334,2022,SOUTH DAKOTA,SD,TRIPP,WHEAT,4900.0,5000.0,191000.0,39.0
335,2022,SOUTH DAKOTA,SD,WALWORTH,WHEAT,28800.0,29100.0,1814000.0,63.0
336,2022,SOUTH DAKOTA,SD,ZIEBACH,WHEAT,18000.0,18300.0,601000.0,33.4
337,2022,WASHINGTON,WA,BENTON,WHEAT,5660.0,5700.0,134000.0,23.7
338,2022,WASHINGTON,WA,COLUMBIA,WHEAT,22900.0,23200.0,1481000.0,64.7
339,2022,WASHINGTON,WA,DOUGLAS,WHEAT,2780.0,2800.0,72000.0,25.9
340,2022,WASHINGTON,WA,KLICKITAT,WHEAT,20100.0,20300.0,595000.0,29.6
341,2022,WASHINGTON,WA,LINCOLN,WHEAT,101600.0,102500.0,3759000.0,37.0
342,2022,WASHINGTON,WA,OKANOGAN,WHEAT,3370.0,3400.0,94100.0,27.9
343,2022,WASHINGTON,WA,OTHER COUNTIES,WHEAT,89590.0,90500.0,4777900.0,53.3
344,2022,WASHINGTON,WA,SPOKANE,WHEAT,51400.0,52600.0,2005000.0,39.0
345,2022,WASHINGTON,WA,WHITMAN,WHEAT,172600.0,174000.0,8702000.0,50.4
346,2023,IDAHO,ID,ADA,WHEAT,2600.0,2700.0,250000.0,96.2
347,2023,IDAHO,ID,BANNOCK,WHEAT,14000.0,14300.0,695000.0,49.6
348,2023,IDAHO,ID,BINGHAM,WHEAT,51000.0,53500.0,5500000.0,107.8
349,2023,IDAHO,ID,BONNEVILLE,WHEAT,40000.0,41700.0,1820000.0,45.5
350,2023,IDAHO,ID,BUTTE,WHEAT,4600.0,4700.0,507000.0,110.2
351,2023,IDAHO,ID,CANYON,WHEAT,3370.0,3400.0,302000.0,89.6
352,2023,IDAHO,ID,CARIBOU,WHEAT,15100.0,15500.0,749000.0,49.6
353,2023,IDAHO,ID,CASSIA,WHEAT,15100.0,15700.0,1884000.0,124.8
354,2023,IDAHO,ID,FRANKLIN,WHEAT,1800.0,1900.0,157000.0,87.2
355,2023,IDAHO,ID,GOODING,WHEAT,960.0,1000.0,131000.0,136.5
356,2023,IDAHO,ID,IDAHO,WHEAT,12600.0,13000.0,742000.0,58.9
357,2023,IDAHO,ID,JEFFERSON,WHEAT,19700.0,20700.0,2147000.0,109.0
358,2023,IDAHO,ID,LATAH,WHEAT,21400.0,22000.0,1350000.0,63.1
359,2023,IDAHO,ID,LEWIS,WHEAT,11400.0,11700.0,650000.0,57.0
360,2023,IDAHO,ID,LINCOLN,WHEAT,2220.0,2300.0,208000.0,93.7
361,2023,IDAHO,ID,MADISON,WHEAT,42000.0,43600.0,5242000.0,124.8
362,2023,IDAHO,ID,MINIDOKA,WHEAT,6700.0,7000.0,764000.0,114.0
363,2023,IDAHO,ID,NEZ PERCE,WHEAT,16500.0,16900.0,800000.0,48.5
364,2023,IDAHO,ID,OTHER COUNTIES,WHEAT,80750.0,84300.0,5401000.0,66.9
365,2023,IDAHO,ID,POWER,WHEAT,31000.0,31800.0,2821000.0,91.0
366,2023,IDAHO,ID,TWIN FALLS,WHEAT,2200.0,2300.0,270000.0,122.7
367,2023,MINNESOTA,MN,BECKER,WHEAT,21900.0,22600.0,1321000.0,60.3
368,2023,MINNESOTA,MN,BELTRAMI,WHEAT,12600.0,13000.0,698000.0,55.4
369,2023,MINNESOTA,MN,BIG STONE,WHEAT,2900.0,3000.0,139000.0,47.9
370,2023,MINNESOTA,MN,BLUE EARTH,WHEAT,280.0,300.0,12000.0,42.9
371,2023,MINNESOTA,MN,BROWN,WHEAT,580.0,600.0,25400.0,43.8
372,2023,MINNESOTA,MN,CARVER,WHEAT,580.0,600.0,25300.0,43.6
373,2023,MINNESOTA,MN,CHIPPEWA,WHEAT,870.0,900.0,50900.0,58.5
374,2023,MINNESOTA,MN,CLAY,WHEAT,57400.0,59100.0,3461000.0,60.3
375,2023,MINNESOTA,MN,COTTONWOOD,WHEAT,470.0,500.0,27300.0,58.1
376,2023,MINNESOTA,MN,DAKOTA,WHEAT,870.0,900.0,40300.0,46.3
377,2023,MINNESOTA,MN,DOUGLAS,WHEAT,5340.0,5500.0,261000.0,48.9
378,2023,MINNESOTA,MN,JACKSON,WHEAT,290.0,300.0,17800.0,61.4
379,2023,MINNESOTA,MN,KANDIYOHI,WHEAT,870.0,900.0,50200.0,57.7
380,2023,MINNESOTA,MN,KOOCHICHING,WHEAT,1550.0,1600.0,74700.0,48.2
381,2023,MINNESOTA,MN,LAC QUI PARLE,WHEAT,1160.0,1200.0,76600.0,66.0
382,2023,MINNESOTA,MN,LAKE OF THE WOODS,WHEAT,8950.0,9200.0,586000.0,65.5
383,2023,MINNESOTA,MN,LYON,WHEAT,1550.0,1700.0,96400.0,62.2
384,2023,MINNESOTA,MN,MAHNOMEN,WHEAT,26300.0,27100.0,1767000.0,67.2
385,2023,MINNESOTA,MN,MARSHALL,WHEAT,232000.0,238500.0,14996000.0,64.6
386,2023,MINNESOTA,MN,MCLEOD,WHEAT,870.0,900.0,54800.0,63.0
387,2023,MINNESOTA,MN,MORRISON,WHEAT,630.0,700.0,19100.0,30.3
388,2023,MINNESOTA,MN,NICOLLET,WHEAT,290.0,300.0,16800.0,57.9
389,2023,MINNESOTA,MN,NORMAN,WHEAT,92300.0,95100.0,6378000.0,69.1
390,2023,MINNESOTA,MN,OTHER COUNTIES,WHEAT,372580.0,385000.0,23399100.0,62.8
391,2023,MINNESOTA,MN,OTTER TAIL,WHEAT,18100.0,18800.0,851000.0,47.0
392,2023,MINNESOTA,MN,POLK,WHEAT,258500.0,267000.0,16305000.0,63.1
393,2023,MINNESOTA,MN,POPE,WHEAT,2910.0,3000.0,154000.0,52.9
394,2023,MINNESOTA,MN,RED LAKE,WHEAT,58200.0,60000.0,3620000.0,62.2
395,2023,MINNESOTA,MN,REDWOOD,WHEAT,780.0,800.0,48000.0,61.5
396,2023,MINNESOTA,MN,RENVILLE,WHEAT,1460.0,1500.0,89500.0,61.3
397,2023,MINNESOTA,MN,SIBLEY,WHEAT,480.0,500.0,31900.0,66.5
398,2023,MINNESOTA,MN,STEVENS,WHEAT,3920.0,4100.0,226000.0,57.7
399,2023,MINNESOTA,MN,TODD,WHEAT,2260.0,2400.0,71200.0,31.5
400,2023,MINNESOTA,MN,TRAVERSE,WHEAT,7280.0,7500.0,333000.0,45.7
401,2023,MINNESOTA,MN,WATONWAN,WHEAT,290.0,300.0,12500.0,43.1
402,2023,MINNESOTA,MN,WILKIN,WHEAT,62300.0,64200.0,2764000.0,44.4
403,2023,MINNESOTA,MN,WINONA,WHEAT,390.0,400.0,20200.0,51.8
404,2023,MONTANA,MT,BIG HORN,WHEAT,7100.0,7900.0,426000.0,60.0
405,2023,MONTANA,MT,BLAINE,WHEAT,172400.0,176500.0,3509000.0,20.4
406,2023,MONTANA,MT,CHOUTEAU,WHEAT,106400.0,107000.0,3879000.0,36.5
407,2023,MONTANA,MT,DANIELS,WHEAT,155000.0,159500.0,4131000.0,26.7
408,2023,MONTANA,MT,DAWSON,WHEAT,162600.0,164500.0,5439000.0,33.5
409,2023,MONTANA,MT,FERGUS,WHEAT,23500.0,23600.0,919000.0,39.1
410,2023,MONTANA,MT,FLATHEAD,WHEAT,3000.0,3000.0,143000.0,47.7
411,2023,MONTANA,MT,GALLATIN,WHEAT,19500.0,19700.0,1380000.0,70.8
412,2023,MONTANA,MT,GLACIER,WHEAT,28000.0,30400.0,665000.0,23.8
413,2023,MONTANA,MT,HILL,WHEAT,284500.0,287500.0,8892000.0,31.3
414,2023,MONTANA,MT,LAKE,WHEAT,4800.0,4800.0,225000.0,46.9
415,2023,MONTANA,MT,LIBERTY,WHEAT,154000.0,156500.0,4336000.0,28.2
416,2023,MONTANA,MT,MADISON,WHEAT,3350.0,3400.0,276000.0,82.4
417,2023,MONTANA,MT,MCCONE,WHEAT,198900.0,204500.0,5918000.0,29.8
418,2023,MONTANA,MT,OTHER COUNTIES,WHEAT,202950.0,210500.0,7599000.0,37.4
419,2023,MONTANA,MT,PHILLIPS,WHEAT,102100.0,105500.0,2303000.0,22.6
420,2023,MONTANA,MT,PONDERA,WHEAT,50400.0,51300.0,2100000.0,41.7
421,2023,MONTANA,MT,RICHLAND,WHEAT,154500.0,157500.0,5740000.0,37.2
422,2023,MONTANA,MT,ROOSEVELT,WHEAT,287000.0,301000.0,7907000.0,27.6
423,2023,MONTANA,MT,SHERIDAN,WHEAT,23900.0,25400.0,804000.0,33.6
424,2023,MONTANA,MT,TETON,WHEAT,21100.0,21500.0,786000.0,37.3
425,2023,MONTANA,MT,TOOLE,WHEAT,174100.0,179500.0,3318000.0,19.1
426,2023,MONTANA,MT,VALLEY,WHEAT,285500.0,293500.0,7952000.0,27.9
427,2023,MONTANA,MT,WHEATLAND,WHEAT,5400.0,5500.0,253000.0,46.9
428,2023,NORTH DAKOTA,ND,ADAMS,WHEAT,126100.0,126500.0,6197000.0,49.1
429,2023,NORTH DAKOTA,ND,BARNES,WHEAT,65300.0,65400.0,3894000.0,59.6
430,2023,NORTH DAKOTA,ND,BENSON,WHEAT,131300.0,131500.0,6221000.0,47.4
431,2023,NORTH DAKOTA,ND,BOTTINEAU,WHEAT,249500.0,251000.0,13229000.0,53.0
432,2023,NORTH DAKOTA,ND,BOWMAN,WHEAT,87800.0,88200.0,4569000.0,52.0
433,2023,NORTH DAKOTA,ND,BURKE,WHEAT,114500.0,119000.0,4005000.0,35.0
434,2023,NORTH DAKOTA,ND,BURLEIGH,WHEAT,52700.0,53000.0,2888000.0,54.8
435,2023,NORTH DAKOTA,ND,CASS,WHEAT,79800.0,79900.0,5304000.0,66.5
436,2023,NORTH DAKOTA,ND,CAVALIER,WHEAT,302000.0,305000.0,13414000.0,44.4
437,2023,NORTH DAKOTA,ND,DICKEY,WHEAT,8290.0,8300.0,471000.0,56.8
438,2023,NORTH DAKOTA,ND,DIVIDE,WHEAT,71200.0,75200.0,2300000.0,32.3
439,2023,NORTH DAKOTA,ND,DUNN,WHEAT,137900.0,142000.0,5641000.0,40.9
440,2023,NORTH DAKOTA,ND,EDDY,WHEAT,19100.0,19400.0,892000.0,46.7
441,2023,NORTH DAKOTA,ND,EMMONS,WHEAT,53300.0,54100.0,2399000.0,45.0
442,2023,NORTH DAKOTA,ND,FOSTER,WHEAT,26000.0,26100.0,1321000.0,50.8
443,2023,NORTH DAKOTA,ND,GRAND FORKS,WHEAT,135400.0,135500.0,6986000.0,51.6
444,2023,NORTH DAKOTA,ND,GRANT,WHEAT,97900.0,101000.0,4029000.0,41.2
445,2023,NORTH DAKOTA,ND,GRIGGS,WHEAT,54300.0,54400.0,3208000.0,59.1
446,2023,NORTH DAKOTA,ND,HETTINGER,WHEAT,240000.0,240500.0,12839000.0,53.5
447,2023,NORTH DAKOTA,ND,KIDDER,WHEAT,45400.0,47300.0,1997000.0,44.0
448,2023,NORTH DAKOTA,ND,LA MOURE,WHEAT,20200.0,20300.0,1230000.0,60.9
449,2023,NORTH DAKOTA,ND,LOGAN,WHEAT,31100.0,31500.0,1398000.0,45.0
450,2023,NORTH DAKOTA,ND,MCINTOSH,WHEAT,60600.0,61200.0,2932000.0,48.4
451,2023,NORTH DAKOTA,ND,MCKENZIE,WHEAT,110000.0,111500.0,3559000.0,32.4
452,2023,NORTH DAKOTA,ND,MORTON,WHEAT,141400.0,142000.0,7328000.0,51.8
453,2023,NORTH DAKOTA,ND,OTHER COUNTIES,WHEAT,940810.0,956200.0,45259000.0,48.1
454,2023,NORTH DAKOTA,ND,PEMBINA,WHEAT,209500.0,210000.0,12105000.0,57.8
455,2023,NORTH DAKOTA,ND,PIERCE,WHEAT,121900.0,122000.0,5461000.0,44.8
456,2023,NORTH DAKOTA,ND,RAMSEY,WHEAT,133300.0,133500.0,6122000.0,45.9
457,2023,NORTH DAKOTA,ND,RANSOM,WHEAT,16400.0,16500.0,1009000.0,61.5
458,2023,NORTH DAKOTA,ND,RENVILLE,WHEAT,136800.0,139000.0,6503000.0,47.5
459,2023,NORTH DAKOTA,ND,RICHLAND,WHEAT,44800.0,44900.0,2395000.0,53.5
460,2023,NORTH DAKOTA,ND,ROLETTE,WHEAT,105400.0,106000.0,5002000.0,47.5
461,2023,NORTH DAKOTA,ND,SHERIDAN,WHEAT,84200.0,85600.0,4428000.0,52.6
462,2023,NORTH DAKOTA,ND,SLOPE,WHEAT,110000.0,110000.0,5793000.0,52.7
463,2023,NORTH DAKOTA,ND,STARK,WHEAT,207000.0,208500.0,9915000.0,47.9
464,2023,NORTH DAKOTA,ND,STEELE,WHEAT,42700.0,42800.0,2644000.0,61.9
465,2023,NORTH DAKOTA,ND,STUTSMAN,WHEAT,63600.0,63700.0,2891000.0,45.5
466,2023,NORTH DAKOTA,ND,TOWNER,WHEAT,185200.0,186500.0,9056000.0,48.9
467,2023,NORTH DAKOTA,ND,TRAILL,WHEAT,75600.0,75600.0,4745000.0,62.8
468,2023,NORTH DAKOTA,ND,WALSH,WHEAT,194000.0,194500.0,9999000.0,51.5
469,2023,NORTH DAKOTA,ND,WARD,WHEAT,284500.0,286500.0,12550000.0,44.1
470,2023,NORTH DAKOTA,ND,WILLIAMS,WHEAT,73200.0,78400.0,2137000.0,29.2
471,2023,SOUTH DAKOTA,SD,BROOKINGS,WHEAT,2040.0,2200.0,117000.0,57.4
472,2023,SOUTH DAKOTA,SD,BROWN,WHEAT,6520.0,7000.0,339000.0,52.0
473,2023,SOUTH DAKOTA,SD,DAY,WHEAT,13500.0,14600.0,791000.0,58.6
474,2023,SOUTH DAKOTA,SD,DEUEL,WHEAT,4600.0,5000.0,293000.0,63.7
475,2023,SOUTH DAKOTA,SD,GRANT,WHEAT,6610.0,7200.0,333000.0,50.4
476,2023,SOUTH DAKOTA,SD,HAMLIN,WHEAT,2360.0,2700.0,152000.0,64.4
477,2023,SOUTH DAKOTA,SD,HAND,WHEAT,3830.0,5200.0,154000.0,40.2
478,2023,SOUTH DAKOTA,SD,LYMAN,WHEAT,18000.0,20100.0,806000.0,44.8
479,2023,SOUTH DAKOTA,SD,MARSHALL,WHEAT,3260.0,3500.0,175000.0,53.7
480,2023,SOUTH DAKOTA,SD,OTHER COUNTIES,WHEAT,508600.0,582700.0,21271000.0,41.8
481,2023,SOUTH DAKOTA,SD,POTTER,WHEAT,57900.0,64000.0,2621000.0,45.3
482,2023,SOUTH DAKOTA,SD,ROBERTS,WHEAT,5030.0,5400.0,245000.0,48.7
483,2023,SOUTH DAKOTA,SD,TRIPP,WHEAT,3350.0,3600.0,155000.0,46.3
484,2023,SOUTH DAKOTA,SD,ZIEBACH,WHEAT,14400.0,16800.0,498000.0,34.6
485,2023,WASHINGTON,WA,ADAMS,WHEAT,16800.0,18400.0,208000.0,12.4
486,2023,WASHINGTON,WA,BENTON,WHEAT,6280.0,7300.0,65900.0,10.5
487,2023,WASHINGTON,WA,COLUMBIA,WHEAT,32300.0,32500.0,1266000.0,39.2
488,2023,WASHINGTON,WA,FRANKLIN,WHEAT,3100.0,3400.0,92600.0,29.9
489,2023,WASHINGTON,WA,GRANT,WHEAT,8230.0,8400.0,527000.0,64.0
490,2023,WASHINGTON,WA,KITTITAS,WHEAT,790.0,900.0,69200.0,87.6
491,2023,WASHINGTON,WA,KLICKITAT,WHEAT,20500.0,22800.0,543000.0,26.5
492,2023,WASHINGTON,WA,OTHER COUNTIES,WHEAT,144900.0,147600.0,5095300.0,35.2
493,2023,WASHINGTON,WA,SPOKANE,WHEAT,50000.0,50700.0,1950000.0,39.0
494,2023,WASHINGTON,WA,WALLA WALLA,WHEAT,28800.0,29000.0,1103000.0,38.3
495,2023,WASHINGTON,WA,WHITMAN,WHEAT,178300.0,179000.0,7700000.0,43.2
